[26May2025 01:24:34.728] [main/INFO] [cpw.mods.modlauncher.Launcher/MODLAUNCHER]: ModLauncher running: args [--launchTarget, forgeserver, --fml.forgeVersion, 47.3.5, --fml.mcVersion, 1.20.1, --fml.forgeGroup, net.minecraftforge, --fml.mcpVersion, 20230612.114412, nogui]
[26May2025 01:24:34.735] [main/INFO] [cpw.mods.modlauncher.Launcher/MODLAUNCHER]: ModLauncher 10.0.9+10.0.9+main.dcd20f30 starting: java version 17.0.15 by Ubuntu; OS Linux arch amd64 version 6.8.0-1027-azure
[26May2025 01:24:36.785] [main/INFO] [net.minecraftforge.fml.loading.ImmediateWindowHandler/]: ImmediateWindowProvider not loading because launch target is forgeserver
[26May2025 01:24:36.795] [main/INFO] [mixin-transmog/]: Mixin Transmogrifier is definitely up to no good...
[26May2025 01:24:36.820] [main/INFO] [mixin-transmog/]: crimes against java were committed
[26May2025 01:24:36.839] [main/INFO] [mixin-transmog/]: Original mixin transformation service successfully crobbed by mixin-transmogrifier!
[26May2025 01:24:36.883] [main/INFO] [mixin/]: SpongePowered MIXIN Subsystem Version=0.8.5 Source=union:/workspaces/SERVEER/servidor_minecraft/mods/Connector-1.0.0-beta.28+1.20.1.jar%23251%23254!/ Service=ModLauncher Env=SERVER
[26May2025 01:24:37.330] [main/WARN] [net.minecraftforge.fml.loading.moddiscovery.ModFileParser/LOADING]: Mod file /workspaces/SERVEER/servidor_minecraft/libraries/net/minecraftforge/fmlcore/1.20.1-47.3.5/fmlcore-1.20.1-47.3.5.jar is missing mods.toml file
[26May2025 01:24:37.331] [main/WARN] [net.minecraftforge.fml.loading.moddiscovery.ModFileParser/LOADING]: Mod file /workspaces/SERVEER/servidor_minecraft/libraries/net/minecraftforge/javafmllanguage/1.20.1-47.3.5/javafmllanguage-1.20.1-47.3.5.jar is missing mods.toml file
[26May2025 01:24:37.332] [main/WARN] [net.minecraftforge.fml.loading.moddiscovery.ModFileParser/LOADING]: Mod file /workspaces/SERVEER/servidor_minecraft/libraries/net/minecraftforge/lowcodelanguage/1.20.1-47.3.5/lowcodelanguage-1.20.1-47.3.5.jar is missing mods.toml file
[26May2025 01:24:37.333] [main/WARN] [net.minecraftforge.fml.loading.moddiscovery.ModFileParser/LOADING]: Mod file /workspaces/SERVEER/servidor_minecraft/libraries/net/minecraftforge/mclanguage/1.20.1-47.3.5/mclanguage-1.20.1-47.3.5.jar is missing mods.toml file
[26May2025 01:24:38.274] [main/WARN] [net.minecraftforge.jarjar.selection.JarSelector/]: Attempted to select two dependency jars from JarJar which have the same identification: Mod File:  and Mod File: . Using Mod File: 
[26May2025 01:24:38.276] [main/WARN] [net.minecraftforge.jarjar.selection.JarSelector/]: Attempted to select a dependency jar for JarJar which was passed in as source: resourcefullib. Using Mod File: /workspaces/SERVEER/servidor_minecraft/mods/resourcefullib-forge-1.20.1-2.1.19.jar
[26May2025 01:24:38.276] [main/INFO] [net.minecraftforge.fml.loading.moddiscovery.JarInJarDependencyLocator/]: Found 85 dependencies adding them to mods collection
[26May2025 01:24:38.896] [main/INFO] [dev.su5ed.sinytra.connector.locator.DependencyResolver/]: Dependency resolution found 0 candidates to load
[26May2025 01:24:40.128] [main/INFO] [org.groovymc.gml.mappings.MappingsProvider/]: Starting runtime mappings setup...
[26May2025 01:24:40.153] [main/INFO] [org.groovymc.gml.internal.locator.ModLocatorInjector/]: Injecting ScriptModLocator candidates...
[26May2025 01:24:40.168] [main/INFO] [org.groovymc.gml.scriptmods.ScriptModLocator/]: Injected Jimfs file system
[26May2025 01:24:40.175] [main/INFO] [org.groovymc.gml.scriptmods.ScriptModLocator/]: Skipped loading script mods from directory /workspaces/SERVEER/servidor_minecraft/mods/scripts as it did not exist.
[26May2025 01:24:40.183] [main/INFO] [org.groovymc.gml.internal.locator.ModLocatorInjector/]: Injected ScriptModLocator mod candidates. Found 0 valid mod candidates and 0 broken mod files.
[26May2025 01:24:40.862] [main/INFO] [dev.su5ed.sinytra.connector.service.ModuleLayerMigrator/]: Successfully made module authlib transformable
[26May2025 01:24:42.835] [GML Mappings Thread/INFO] [org.groovymc.gml.mappings.MappingsProvider/]: Loaded runtime mappings in 2648ms
[26May2025 01:24:42.836] [GML Mappings Thread/INFO] [org.groovymc.gml.mappings.MappingsProvider/]: Finished runtime mappings setup.
[26May2025 01:24:43.922] [main/INFO] [mixin/]: Compatibility level set to JAVA_17
[26May2025 01:24:44.529] [main/INFO] [mixin/]: Successfully loaded Mixin Connector [com.sonicether.soundphysics.MixinConnector]
[26May2025 01:24:44.530] [main/INFO] [mixin/]: Successfully loaded Mixin Connector [org.tlauncher.MixinConnector]
[26May2025 01:24:44.552] [main/INFO] [cpw.mods.modlauncher.LaunchServiceHandler/MODLAUNCHER]: Launching target 'forgeserver' with arguments [nogui]
[26May2025 01:24:44.613] [main/INFO] [Embeddium/]: Loaded configuration file for Embeddium: 41 options available, 0 override(s) found
[26May2025 01:24:44.636] [main/WARN] [mixin/]: Reference map 'mysticaloaktree-common-refmap.json' for mysticaloaktree-common.mixins.json could not be read. If this is a development environment you can ignore this message
[26May2025 01:24:44.638] [main/WARN] [mixin/]: Reference map 'mysticaloaktree-forge-refmap.json' for mysticaloaktree.mixins.json could not be read. If this is a development environment you can ignore this message
[26May2025 01:24:44.666] [main/WARN] [mixin/]: Reference map 'nitrogen_internals.refmap.json' for nitrogen_internals.mixins.json could not be read. If this is a development environment you can ignore this message
[26May2025 01:24:44.767] [main/INFO] [Canary/]: Loaded configuration file for Canary: 123 options available, 0 override(s) found
[26May2025 01:24:44.805] [main/INFO] [Puzzles Lib/]: Loading 205 mods:
	- abridged 1.0.0
	- additionalstructures 4.2.1
	- advancementplaques 1.4.10
	- aether 1.20.1-1.0.0-beta.2-neoforge
	- alexsmobs 1.22.5
	- ambientsounds 5.3.5
	- animal_feeding_trough 1.0.3+1.20.1-forge
	- aquamirae 6.API15
	- aquatictorches 1.1.1
	- architectury 9.1.12
	- azurelib 2.0.11
	- balm 7.1.4
	- beautify 2.0.2
	- better_totem_of_undying 1.1.0
	- betteradvancements 0.3.2.161
	- betterchunkloading 1.20.1-2.2
	- betterdeserttemples 1.20-Forge-3.0.3
	- betterdungeons 1.20-Forge-4.0.3
	- betterf3 7.0.2
	- betterfortresses 1.20-Forge-2.0.5
	- betterfpsdist 1.20.1-4.1
	- betterjungletemples 1.20-Forge-2.0.4
	- bettermineshafts 1.20-Forge-4.0.4
	- betteroceanmonuments 1.20-Forge-3.0.4
	- betterstrongholds 1.20-Forge-4.0.3
	- betterwitchhuts 1.20-Forge-3.0.3
	- bn_blood_particles_mod 0.8.0
	- bookshelf 20.1.6
	- canary 0.2.7
	- carryon 2.1.2.7
	- cataclysm 1.0
	- cfm 7.0.0-pre36
	- citadel 2.4.8
	- cloth_config 11.1.106
	- clumps 12.0.0.3
	- collective 7.9
	- comforts 6.3.4+1.20.1
	- commongroovylibrary 0.3.3
	- connectormod 1.0.0-beta.28+1.20.1
	- controlling 12.0.2
	- coroutil 1.20.1-1.3.6
	- craftable_enchanted_golden_apple 1.0.0
	- creativecore 2.11.10
	- creeperoverhaul 3.0.1
	- cristellib 1.1.5
	- ctov 3.3.6
	- cumulus_menus 1.20.1-1.0.0-beta.1-neoforge
	- cupboard 1.20.1-2.1
	- curios 5.3.5+1.20.1
	- deeperdarker 1.2.1
	- diagonalblocks 8.0.3
	- diagonalfences 8.1.2
	- diagonalwindows 8.1.3
	- doubledoors 5.1
	- dragonmounts 1.1.5.b3
	- duckling 3.0.0
	- dungeons_arise 2.1.57-1.20.1
	- dynamiclights 1.20.1.2
	- easyanvils 8.0.1
	- easymagic 8.0.1
	- ecologics 2.2.0
	- elevatorid 1.20.1-lex-1.9
	- embeddium 0.2.10+mc1.20.1
	- embeddiumplus 1.0.1
	- endermanoverhaul 1.0.3
	- enemyexpansion 2.3.1
	- entityculling 1.6.2
	- epicfight 20.7.4
	- epicsamurai 0.0.32-1.20.1-neo
	- explorify 1.3.0-mc1.20
	- extragore 5.2.3.1
	- fabric_api 0.90.7+1.10.3+1.20.1
	- fabric_api_base 0.4.30+ef105b4977
	- fabric_api_lookup_api_v1 1.6.35+67f9824077
	- fabric_biome_api_v1 13.0.12+dd0389a577
	- fabric_block_api_v1 1.0.10+0e6cb7f777
	- fabric_block_view_api_v2 1.0.0+0767707077
	- fabric_blockrenderlayer_v1 1.1.40+1d0da21e77
	- fabric_client_tags_api_v1 1.1.1+5d6761b877
	- fabric_command_api_v1 1.2.33+f71b366f77
	- fabric_command_api_v2 2.2.12+561530ec77
	- fabric_content_registries_v0 4.0.10+a670df1e77
	- fabric_convention_tags_v1 1.5.4+fa3d1c0177
	- fabric_data_generation_api_v1 12.3.2+369cb3a477
	- fabric_dimensions_v1 2.1.53+8005d10d77
	- fabric_entity_events_v1 1.5.22+b909fbe377
	- fabric_events_interaction_v0 0.6.1+0d0bd5a777
	- fabric_game_rule_api_v1 1.0.39+461110ab77
	- fabric_item_api_v1 2.1.27+2272fc7f77
	- fabric_item_group_api_v1 4.0.11+9801bf5177
	- fabric_key_binding_api_v1 1.0.36+561530ec77
	- fabric_lifecycle_events_v1 2.2.21+afab492177
	- fabric_loot_api_v2 1.2.0+eb28f93e77
	- fabric_message_api_v1 5.1.8+52cc178c77
	- fabric_mining_level_api_v1 2.1.49+561530ec77
	- fabric_model_loading_api_v1 1.0.2+142e25ab77
	- fabric_models_v0 0.4.1+7c3892a477
	- fabric_networking_api_v1 1.3.10+503a202477
	- fabric_object_builder_api_v1 11.1.2+2174fc8477
	- fabric_particles_v1 1.1.1+78e1ecb877
	- fabric_recipe_api_v1 1.0.20+514a076577
	- fabric_registry_sync_v0 2.3.2+1c0ea72177
	- fabric_renderer_api_v1 3.2.0+1d29b44577
	- fabric_renderer_indigo 1.5.0+67f9824077
	- fabric_rendering_data_attachment_v1 0.3.36+a6081afc77
	- fabric_rendering_fluids_v1 3.0.27+4ac5e37a77
	- fabric_rendering_v1 3.0.7+1c0ea72177
	- fabric_resource_conditions_api_v1 2.3.6+369cb3a477
	- fabric_resource_loader_v0 0.11.9+142e25ab77
	- fabric_screen_api_v1 2.0.7+45a670a577
	- fabric_screen_handler_api_v1 1.3.29+561530ec77
	- fabric_sound_api_v1 1.0.12+4f23bd8477
	- fabric_transfer_api_v1 3.3.2+51502a0077
	- fabric_transitive_access_wideners_v1 4.3.0+1880499877
	- fastload 3.4.0
	- ferritecore 6.0.1
	- flib 0.0.11
	- forge 47.3.5
	- fpsreducer 1.20-2.5
	- geckolib 4.3
	- gml 4.0.9
	- guardvillagers 1.20.1-1.6.3
	- herdmentality 12.0.2
	- hopo 1.1.8
	- hoporp 1.3.7
	- hopour 1.1.4
	- hpm 2.6.3
	- iceberg 1.1.16
	- immersive_aircraft 0.6.2+1.20.1
	- immersive_paintings 0.6.7+1.20.1
	- imst 2.1.0
	- incendium 5.3.3
	- ironfurnaces 4.1.6
	- jade 11.6.3
	- jei 15.2.0.27
	- journeymap 5.9.18
	- kobolds 2.10.1
	- make_bubbles_pop 0.2.0-forge
	- mcwwindows 2.2.0
	- minecraft 1.20.1
	- mixinextras 0.3.1
	- moonlight 1.20-2.8.67
	- moremobvariants 1.2.2
	- mousetweaks 2.25
	- moveboats 3.1
	- mr_stellarity 2.0d
	- mr_tidal_towns 1.2
	- mysticaloaktree 1.20-1.11
	- naturalist 4.0.3
	- nitrogen_internals 1.20.1-0.2.0-neoforge
	- obscure_api 15
	- paraglider 20.1.2
	- patchouli 1.20.1-83-FORGE
	- phenomena 2.3.2b-1.20.1
	- pickupnotifier 8.0.0
	- playeranimator 1.0.2-rc1+1.20
	- puzzlesaccessapi 8.0.7
	- puzzleslib 8.1.11
	- rare_ice 0.0NONE
	- realmrpg_skeletons 1.0.3
	- reeses_sodium_options 1.0.4
	- regions_unexplored 0.5.3
	- repurposed_structures 7.1.11+1.20.1-forge
	- resourcefulconfig 2.1.0
	- resourcefullib 2.1.19
	- respawninganimals 8.1.1
	- rubidium 0.7.1
	- searchables 1.0.2
	- shouldersurfing 1.20.1-2.8.1
	- simpletomb 1.20.1-1.3.0
	- simplyswords 1.51.5-1.20.1
	- skyvillages 1.0.3
	- smoothboot 0.0.3
	- snuffles 1.0.7
	- sophisticatedcore 0.5.108.504
	- sound_physics_remastered 1.20.1-1.3.1
	- spawn 1.20.1-1.0.2
	- spectrelib 0.13.14+1.20.1
	- structory 1.3.3
	- structorytowers 1.0.5
	- t_and_t 0.0NONE
	- tectonic 2.1.1
	- terrablender 3.0.0.169
	- textrues_embeddium_options 0.1.3+mc1.20.1
	- tia 1.20-1.1
	- tlskincape 1.32
	- travelersbackpack 9.1.11
	- travelerstitles 1.20-Forge-4.0.1
	- treasuredistance 1.20-1.2
	- treechop 0.18.8
	- twilightforest 4.3.1893
	- unusualprehistory 1.5.0.3
	- valhelsia_core 1.1.1
	- valhelsia_furniture 1.1.2
	- valhelsia_structures 1.20.1-1.1.0
	- vanillaplustools 1.20-1.0.4
	- vanillazoom 2.2
	- visuality 2.0.2
	- visualworkbench 8.0.0
	- watut 1.20.1-1.0.13
	- waystones 14.0.2
	- williams_hedgehogs 1.0.0
	- yet_another_config_lib_v3 3.5.0+1.20.1-forge
	- yungsapi 1.20-Forge-4.0.2
	- yungsbridges 1.20-Forge-4.0.3
[26May2025 01:24:44.822] [main/WARN] [mixin/]: Reference map 'Aquamirae.refmap.json' for aquamirae.mixins.json could not be read. If this is a development environment you can ignore this message
[26May2025 01:24:44.829] [main/WARN] [mixin/]: Reference map 'cristellib-forge-refmap.json' for cristellib.mixins.json could not be read. If this is a development environment you can ignore this message
[26May2025 01:24:44.855] [main/WARN] [mixin/]: Reference map 'naturalist-forge-forge-refmap.json' for naturalist.mixins.json could not be read. If this is a development environment you can ignore this message
[26May2025 01:24:44.934] [main/INFO] [fpsreducer/]: OptiFine was NOT detected.
[26May2025 01:24:44.936] [main/INFO] [fpsreducer/]: OptiFabric was NOT detected.
[26May2025 01:24:45.036] [main/WARN] [mixin/]: Reference map 'simplyswords-common-refmap.json' for simplyswords-common.mixins.json could not be read. If this is a development environment you can ignore this message
[26May2025 01:24:45.038] [main/WARN] [mixin/]: Reference map 'simplyswords-forge-refmap.json' for simplyswords.mixins.json could not be read. If this is a development environment you can ignore this message
[26May2025 01:24:45.070] [main/WARN] [mixin/]: Reference map 'immersive_paintings-common-refmap.json' for immersive_paintings.mixin.json could not be read. If this is a development environment you can ignore this message
[26May2025 01:24:45.078] [main/WARN] [mixin/]: Reference map 'coroutil.refmap.json' for coroutil.mixins.json could not be read. If this is a development environment you can ignore this message
[26May2025 01:24:45.592] [main/ERROR] [net.minecraftforge.fml.loading.RuntimeDistCleaner/DISTXFORM]: Attempted to load class net/minecraft/client/MouseHandler for invalid dist DEDICATED_SERVER
[26May2025 01:24:45.592] [main/WARN] [mixin/]: Error loading class: net/minecraft/client/MouseHandler (java.lang.RuntimeException: Attempted to load class net/minecraft/client/MouseHandler for invalid dist DEDICATED_SERVER)
[26May2025 01:24:45.593] [main/WARN] [mixin/]: @Mixin target net.minecraft.client.MouseHandler was not found fabric-screen-api-v1.mixins.json:MouseMixin from mod fabric_screen_api_v1
[26May2025 01:24:45.595] [main/ERROR] [net.minecraftforge.fml.loading.RuntimeDistCleaner/DISTXFORM]: Attempted to load class net/minecraft/client/gui/screens/Screen for invalid dist DEDICATED_SERVER
[26May2025 01:24:45.595] [main/WARN] [mixin/]: Error loading class: net/minecraft/client/gui/screens/Screen (java.lang.RuntimeException: Attempted to load class net/minecraft/client/gui/screens/Screen for invalid dist DEDICATED_SERVER)
[26May2025 01:24:45.595] [main/WARN] [mixin/]: @Mixin target net.minecraft.client.gui.screens.Screen was not found fabric-screen-api-v1.mixins.json:ScreenAccessor from mod fabric_screen_api_v1
[26May2025 01:24:46.814] [main/WARN] [mixin/]: Error loading class: net/minecraft/client/renderer/entity/PhantomRenderer (java.lang.ClassNotFoundException: net.minecraft.client.renderer.entity.PhantomRenderer)
[26May2025 01:24:46.814] [main/WARN] [mixin/]: @Mixin target net.minecraft.client.renderer.entity.PhantomRenderer was not found mixins.deeperdarker.json:PhantomRendererMixin from mod deeperdarker
[26May2025 01:24:47.077] [main/ERROR] [net.minecraftforge.fml.loading.RuntimeDistCleaner/DISTXFORM]: Attempted to load class net/minecraft/client/player/AbstractClientPlayer for invalid dist DEDICATED_SERVER
[26May2025 01:24:47.077] [main/WARN] [mixin/]: Error loading class: net/minecraft/client/player/AbstractClientPlayer (java.lang.RuntimeException: Attempted to load class net/minecraft/client/player/AbstractClientPlayer for invalid dist DEDICATED_SERVER)
[26May2025 01:24:47.077] [main/WARN] [mixin/]: @Mixin target net.minecraft.client.player.AbstractClientPlayer was not found tlskincape-mixins.json:MixinAbstractPlayer from mod (unknown)
[26May2025 01:24:47.079] [main/ERROR] [net.minecraftforge.fml.loading.RuntimeDistCleaner/DISTXFORM]: Attempted to load class net/minecraft/client/gui/screens/TitleScreen for invalid dist DEDICATED_SERVER
[26May2025 01:24:47.079] [main/WARN] [mixin/]: Error loading class: net/minecraft/client/gui/screens/TitleScreen (java.lang.RuntimeException: Attempted to load class net/minecraft/client/gui/screens/TitleScreen for invalid dist DEDICATED_SERVER)
[26May2025 01:24:47.079] [main/WARN] [mixin/]: @Mixin target net.minecraft.client.gui.screens.TitleScreen was not found tlskincape-mixins.json:MixinMainMenu from mod (unknown)
[26May2025 01:24:47.080] [main/WARN] [mixin/]: Error loading class: net/minecraft/client/model/PlayerModel (java.lang.ClassNotFoundException: net.minecraft.client.model.PlayerModel)
[26May2025 01:24:47.080] [main/WARN] [mixin/]: @Mixin target net.minecraft.client.model.PlayerModel was not found tlskincape-mixins.json:MixinPlayerModel from mod (unknown)
[26May2025 01:24:47.284] [main/INFO] [MixinExtras|Service/]: Initializing MixinExtras via com.llamalad7.mixinextras.service.MixinExtrasServiceImpl(version=0.3.1).
[26May2025 01:24:51.369] [main/WARN] [mixin/]: @Final field f_31427_:[I in epicfight.mixins.json:MixinWitherBoss from mod epicfight should be final
[26May2025 01:24:51.369] [main/WARN] [mixin/]: @Final field f_31428_:[I in epicfight.mixins.json:MixinWitherBoss from mod epicfight should be final
[26May2025 01:24:54.734] [main/INFO] [org.groovymc.gml.internal.ModExtensionLoader/]: Skipping extension class org.groovymc.cgl.api.extension.client.MinecraftExtensions: it requires dist CLIENT, but we're running on DEDICATED_SERVER
[26May2025 01:24:55.150] [modloading-worker-0/INFO] [Puzzles Lib/]: Constructing common components for easyanvils:main
[26May2025 01:24:55.249] [modloading-worker-0/INFO] [Puzzles Lib/]: Constructing common components for pickupnotifier:main
[26May2025 01:24:55.595] [modloading-worker-0/INFO] [gml/]: Initialised GML mod. Version: 4.0.9
[26May2025 01:24:55.677] [modloading-worker-0/INFO] [realmayus.aquatictorches.AquaticTorches/]: Aquatic Torches loaded.
[26May2025 01:24:55.717] [modloading-worker-0/INFO] [ironfurnaces.IronFurnaces/]: Initializing Update Checker...
[26May2025 01:24:55.719] [ Iron Furnaces Update Checker/INFO] [ironfurnaces.IronFurnaces/]: Starting Update Check...
[26May2025 01:24:55.754] [modloading-worker-0/INFO] [com.aetherteam.cumulus.Cumulus/]: Disabling Cumulus as it is on server.
[26May2025 01:24:55.911] [modloading-worker-0/INFO] [Puzzles Lib/]: Constructing common components for visualworkbench:main
[26May2025 01:24:56.111] [modloading-worker-0/INFO] [Puzzles Lib/]: Constructing common components for respawninganimals:main
[26May2025 01:24:56.213] [modloading-worker-0/INFO] [net.minecraftforge.common.ForgeMod/FORGEMOD]: Forge mod loading, version 47.3.5, for MC 1.20.1 with MCP 20230612.114412
[26May2025 01:24:56.214] [modloading-worker-0/INFO] [net.minecraftforge.common.MinecraftForge/FORGE]: MinecraftForge v47.3.5 Initialized
[26May2025 01:24:56.300] [modloading-worker-0/INFO] [epicfight/]: Registered skill epicfight:epicfight:basic_attack
[26May2025 01:24:56.304] [modloading-worker-0/INFO] [epicfight/]: Registered skill epicfight:epicfight:air_attack
[26May2025 01:24:56.305] [modloading-worker-0/INFO] [epicfight/]: Registered skill epicfight:epicfight:roll
[26May2025 01:24:56.306] [modloading-worker-0/INFO] [epicfight/]: Registered skill epicfight:epicfight:step
[26May2025 01:24:56.312] [modloading-worker-0/INFO] [epicfight/]: Registered skill epicfight:epicfight:knockdown_wakeup
[26May2025 01:24:56.332] [modloading-worker-0/INFO] [epicfight/]: Registered skill epicfight:epicfight:guard
[26May2025 01:24:56.351] [modloading-worker-0/INFO] [epicfight/]: Registered skill epicfight:epicfight:parrying
[26May2025 01:24:56.362] [modloading-worker-0/INFO] [epicfight/]: Registered skill epicfight:epicfight:impact_guard
[26May2025 01:24:56.369] [modloading-worker-0/INFO] [epicfight/]: Registered skill epicfight:epicfight:berserker
[26May2025 01:24:56.370] [ Iron Furnaces Update Checker/INFO] [ironfurnaces.IronFurnaces/]: Update Check done!
[26May2025 01:24:56.370] [ Iron Furnaces Update Checker/INFO] [ironfurnaces.IronFurnaces/]: Iron Furnaces is up to date!
[26May2025 01:24:56.371] [modloading-worker-0/INFO] [epicfight/]: Registered skill epicfight:epicfight:death_harvest
[26May2025 01:24:56.375] [modloading-worker-0/INFO] [epicfight/]: Registered skill epicfight:epicfight:emergency_escape
[26May2025 01:24:56.377] [modloading-worker-0/INFO] [epicfight/]: Registered skill epicfight:epicfight:endurance
[26May2025 01:24:56.383] [modloading-worker-0/INFO] [epicfight/]: Registered skill epicfight:epicfight:forbidden_strength
[26May2025 01:24:56.385] [modloading-worker-0/INFO] [epicfight/]: Registered skill epicfight:epicfight:hypervitality
[26May2025 01:24:56.386] [modloading-worker-0/INFO] [epicfight/]: Registered skill epicfight:epicfight:stamina_pillager
[26May2025 01:24:56.391] [modloading-worker-0/INFO] [epicfight/]: Registered skill epicfight:epicfight:swordmaster
[26May2025 01:24:56.392] [modloading-worker-0/INFO] [epicfight/]: Registered skill epicfight:epicfight:technician
[26May2025 01:24:56.408] [modloading-worker-0/WARN] [Visuality/]: Visuality is installed on a dedicated server, skip loading...
[26May2025 01:24:56.419] [modloading-worker-0/INFO] [epicfight/]: Registered skill epicfight:epicfight:sweeping_edge
[26May2025 01:24:56.422] [modloading-worker-0/INFO] [epicfight/]: Registered skill epicfight:epicfight:dancing_edge
[26May2025 01:24:56.423] [modloading-worker-0/INFO] [epicfight/]: Registered skill epicfight:epicfight:the_guillotine
[26May2025 01:24:56.424] [modloading-worker-0/INFO] [epicfight/]: Registered skill epicfight:epicfight:grasping_spire
[26May2025 01:24:56.425] [modloading-worker-0/INFO] [epicfight/]: Registered skill epicfight:epicfight:heartpiercer
[26May2025 01:24:56.429] [modloading-worker-0/INFO] [epicfight/]: Registered skill epicfight:epicfight:steel_whirlwind
[26May2025 01:24:56.436] [modloading-worker-0/INFO] [epicfight/]: Registered skill epicfight:epicfight:battojutsu
[26May2025 01:24:56.437] [modloading-worker-0/INFO] [epicfight/]: Registered skill epicfight:epicfight:battojutsu_passive
[26May2025 01:24:56.445] [modloading-worker-0/INFO] [epicfight/]: Registered skill epicfight:epicfight:rushing_tempo
[26May2025 01:24:56.446] [modloading-worker-0/INFO] [epicfight/]: Registered skill epicfight:epicfight:relentless_combo
[26May2025 01:24:56.447] [modloading-worker-0/INFO] [epicfight/]: Registered skill epicfight:epicfight:liechtenauer
[26May2025 01:24:56.447] [modloading-worker-0/INFO] [epicfight/]: Registered skill epicfight:epicfight:sharp_stab
[26May2025 01:24:56.456] [modloading-worker-0/INFO] [epicfight/]: Registered skill epicfight:epicfight:eviscerate
[26May2025 01:24:56.483] [modloading-worker-0/INFO] [Puzzles Lib/]: Constructing common components for puzzleslib:main
[26May2025 01:24:56.519] [modloading-worker-0/INFO] [epicfight/]: Registered skill epicfight:epicfight:blade_rush
[26May2025 01:24:56.523] [modloading-worker-0/INFO] [epicfight/]: Registered skill epicfight:epicfight:wrathful_lighting
[26May2025 01:24:56.523] [modloading-worker-0/INFO] [epicfight/]: Registered skill epicfight:epicfight:tsunami
[26May2025 01:24:56.524] [modloading-worker-0/INFO] [epicfight/]: Registered skill epicfight:epicfight:everlasting_allegiance
[26May2025 01:24:56.529] [modloading-worker-0/INFO] [epicfight/]: Registered skill epicfight:epicfight:meteor_slam
[26May2025 01:24:56.531] [modloading-worker-0/INFO] [epicfight/]: Registered skill epicfight:epicfight:revelation
[26May2025 01:24:56.532] [modloading-worker-0/INFO] [epicfight/]: Registered skill epicfight:epicfight:demolition_leap
[26May2025 01:24:56.534] [modloading-worker-0/INFO] [epicfight/]: Registered skill epicfight:epicfight:phantom_ascent
[26May2025 01:24:57.060] [modloading-worker-0/INFO] [Bookshelf/]: Fixing MC-151457. Crafting remainder for minecraft:pufferfish_bucket is now minecraft:bucket.
[26May2025 01:24:57.062] [modloading-worker-0/INFO] [Bookshelf/]: Fixing MC-151457. Crafting remainder for minecraft:salmon_bucket is now minecraft:bucket.
[26May2025 01:24:57.062] [modloading-worker-0/INFO] [Bookshelf/]: Fixing MC-151457. Crafting remainder for minecraft:cod_bucket is now minecraft:bucket.
[26May2025 01:24:57.063] [modloading-worker-0/INFO] [Bookshelf/]: Fixing MC-151457. Crafting remainder for minecraft:tropical_fish_bucket is now minecraft:bucket.
[26May2025 01:24:57.065] [modloading-worker-0/INFO] [Bookshelf/]: Fixing MC-151457. Crafting remainder for minecraft:axolotl_bucket is now minecraft:bucket.
[26May2025 01:24:57.065] [modloading-worker-0/INFO] [Bookshelf/]: Fixing MC-151457. Crafting remainder for minecraft:powder_snow_bucket is now minecraft:bucket.
[26May2025 01:24:57.065] [modloading-worker-0/INFO] [Bookshelf/]: Fixing MC-151457. Crafting remainder for minecraft:tadpole_bucket is now minecraft:bucket.
[26May2025 01:24:57.134] [modloading-worker-0/INFO] [Puzzles Lib/]: Constructing common components for diagonalblocks:main
[26May2025 01:24:57.410] [modloading-worker-0/INFO] [Puzzles Lib/]: Constructing common components for diagonalwindows:main
[26May2025 01:24:57.436] [modloading-worker-0/INFO] [Collective/]: Loading Collective version 7.9.
[26May2025 01:24:57.635] [modloading-worker-0/INFO] [dev.architectury.networking.forge.NetworkManagerImpl/]: Registering C2S receiver with id architectury:sync_ids
[26May2025 01:24:57.793] [modloading-worker-0/INFO] [Animal Feeding Trough/]: [Animal Feeding Trough] Load Complete! Enjoy :D
[26May2025 01:24:57.851] [modloading-worker-0/INFO] [Puzzles Lib/]: Constructing common components for easymagic:main
[26May2025 01:24:57.877] [modloading-worker-0/ERROR] [net.minecraftforge.eventbus.EventSubclassTransformer/EVENTBUS]: Could not find parent net/minecraft/client/renderer/entity/layers/RenderLayer for class com/obscuria/obscureapi/client/renderer/PatreonLayer in classloader cpw.mods.modlauncher.TransformingClassLoader@10ba9780 on thread Thread[modloading-worker-0,5,main]
[26May2025 01:24:57.877] [modloading-worker-0/ERROR] [net.minecraftforge.eventbus.EventSubclassTransformer/EVENTBUS]: An error occurred building event handler
java.lang.ClassNotFoundException: net.minecraft.client.renderer.entity.layers.RenderLayer
	at cpw.mods.cl.ModuleClassLoader.loadClass(ModuleClassLoader.java:141) ~[securejarhandler-2.1.10.jar:?]
	at java.lang.ClassLoader.loadClass(ClassLoader.java:525) ~[?:?]
	at net.minecraftforge.eventbus.EventSubclassTransformer.buildEvents(EventSubclassTransformer.java:97) ~[eventbus-6.0.5.jar%2352!/:?]
	at net.minecraftforge.eventbus.EventSubclassTransformer.transform(EventSubclassTransformer.java:48) ~[eventbus-6.0.5.jar%2352!/:?]
	at net.minecraftforge.eventbus.EventBusEngine.processClass(EventBusEngine.java:26) ~[eventbus-6.0.5.jar%2352!/:?]
	at net.minecraftforge.eventbus.service.ModLauncherService.processClassWithFlags(ModLauncherService.java:32) ~[eventbus-6.0.5.jar%2352!/:6.0.5+6.0.5+master.eb8e549b]
	at cpw.mods.modlauncher.LaunchPluginHandler.offerClassNodeToPlugins(LaunchPluginHandler.java:88) ~[modlauncher-10.0.9.jar%2355!/:?]
	at cpw.mods.modlauncher.ClassTransformer.transform(ClassTransformer.java:120) ~[modlauncher-10.0.9.jar%2355!/:?]
	at cpw.mods.modlauncher.TransformingClassLoader.maybeTransformClassBytes(TransformingClassLoader.java:50) ~[modlauncher-10.0.9.jar%2355!/:?]
	at cpw.mods.cl.ModuleClassLoader.readerToClass(ModuleClassLoader.java:113) ~[securejarhandler-2.1.10.jar:?]
	at cpw.mods.cl.ModuleClassLoader.lambda$findClass$15(ModuleClassLoader.java:219) ~[securejarhandler-2.1.10.jar:?]
	at cpw.mods.cl.ModuleClassLoader.loadFromModule(ModuleClassLoader.java:229) ~[securejarhandler-2.1.10.jar:?]
	at cpw.mods.cl.ModuleClassLoader.findClass(ModuleClassLoader.java:219) ~[securejarhandler-2.1.10.jar:?]
	at cpw.mods.cl.ModuleClassLoader.loadClass(ModuleClassLoader.java:135) ~[securejarhandler-2.1.10.jar:?]
	at java.lang.ClassLoader.loadClass(ClassLoader.java:525) ~[?:?]
	at java.lang.ClassLoader.defineClass0(Native Method) ~[?:?]
	at java.lang.System$2.defineClass(System.java:2324) ~[?:?]
	at java.lang.invoke.MethodHandles$Lookup$ClassDefiner.defineClass(MethodHandles.java:2439) ~[?:?]
	at java.lang.invoke.MethodHandles$Lookup$ClassDefiner.defineClassAsLookup(MethodHandles.java:2420) ~[?:?]
	at java.lang.invoke.MethodHandles$Lookup.defineHiddenClass(MethodHandles.java:2127) ~[?:?]
	at java.lang.invoke.InnerClassLambdaMetafactory.generateInnerClass(InnerClassLambdaMetafactory.java:407) ~[?:?]
	at java.lang.invoke.InnerClassLambdaMetafactory.spinInnerClass(InnerClassLambdaMetafactory.java:315) ~[?:?]
	at java.lang.invoke.InnerClassLambdaMetafactory.buildCallSite(InnerClassLambdaMetafactory.java:228) ~[?:?]
	at java.lang.invoke.LambdaMetafactory.metafactory(LambdaMetafactory.java:341) ~[?:?]
	at java.lang.invoke.BootstrapMethodInvoker.invoke(BootstrapMethodInvoker.java:134) ~[?:?]
	at java.lang.invoke.CallSite.makeSite(CallSite.java:315) ~[?:?]
	at java.lang.invoke.MethodHandleNatives.linkCallSiteImpl(MethodHandleNatives.java:281) ~[?:?]
	at java.lang.invoke.MethodHandleNatives.linkCallSite(MethodHandleNatives.java:271) ~[?:?]
	at com.obscuria.obscureapi.client.renderer.PatreonLayer$Mode.<clinit>(PatreonLayer.java:55) ~[obscure_api-15.jar%23342!/:com.obscuria]
	at com.obscuria.obscureapi.ObscureAPIConfig$Client.<clinit>(ObscureAPIConfig.java:28) ~[obscure_api-15.jar%23342!/:com.obscuria]
	at com.obscuria.obscureapi.ObscureAPIConfig.register(ObscureAPIConfig.java:46) ~[obscure_api-15.jar%23342!/:com.obscuria]
	at com.obscuria.obscureapi.ObscureAPI.<init>(ObscureAPI.java:69) ~[obscure_api-15.jar%23342!/:com.obscuria]
	at jdk.internal.reflect.NativeConstructorAccessorImpl.newInstance0(Native Method) ~[?:?]
	at jdk.internal.reflect.NativeConstructorAccessorImpl.newInstance(NativeConstructorAccessorImpl.java:77) ~[?:?]
	at jdk.internal.reflect.DelegatingConstructorAccessorImpl.newInstance(DelegatingConstructorAccessorImpl.java:45) ~[?:?]
	at java.lang.reflect.Constructor.newInstanceWithCaller(Constructor.java:500) ~[?:?]
	at java.lang.reflect.Constructor.newInstance(Constructor.java:481) ~[?:?]
	at net.minecraftforge.fml.javafmlmod.FMLModContainer.constructMod(FMLModContainer.java:70) ~[javafmllanguage-1.20.1-47.3.5.jar%23409!/:?]
	at net.minecraftforge.fml.ModContainer.lambda$buildTransitionHandler$4(ModContainer.java:124) ~[fmlcore-1.20.1-47.3.5.jar%23408!/:?]
	at java.util.concurrent.CompletableFuture$AsyncRun.run(CompletableFuture.java:1804) ~[?:?]
	at java.util.concurrent.CompletableFuture$AsyncRun.exec(CompletableFuture.java:1796) ~[?:?]
	at java.util.concurrent.ForkJoinTask.doExec(ForkJoinTask.java:373) ~[?:?]
	at java.util.concurrent.ForkJoinPool$WorkQueue.topLevelExec(ForkJoinPool.java:1182) ~[?:?]
	at java.util.concurrent.ForkJoinPool.scan(ForkJoinPool.java:1655) ~[?:?]
	at java.util.concurrent.ForkJoinPool.runWorker(ForkJoinPool.java:1622) ~[?:?]
	at java.util.concurrent.ForkJoinWorkerThread.run(ForkJoinWorkerThread.java:165) ~[?:?]
[26May2025 01:24:57.884] [modloading-worker-0/ERROR] [net.minecraftforge.fml.loading.RuntimeDistCleaner/DISTXFORM]: Attempted to load class com/obscuria/obscureapi/client/renderer/PatreonLayer for invalid dist DEDICATED_SERVER
[26May2025 01:24:58.030] [modloading-worker-0/INFO] [coroutil/]: fabric loader environment detected
[26May2025 01:24:58.031] [modloading-worker-0/ERROR] [coroutil/]: ERROR: makeLoaderSpecificConfigData not implemented for active loader
[26May2025 01:24:58.039] [modloading-worker-0/ERROR] [coroutil/]: ERROR: makeLoaderSpecificConfigData not implemented for active loader
[26May2025 01:24:58.223] [modloading-worker-0/INFO] [azurelib/FileWatching]: Registered azurelib config for auto-sync function
[26May2025 01:24:58.453] [modloading-worker-0/INFO] [Puzzles Lib/]: Constructing common components for diagonalfences:main
[26May2025 01:24:58.478] [modloading-worker-0/ERROR] [coroutil/]: ERROR: makeLoaderSpecificConfigData not implemented for active loader
[26May2025 01:24:58.616] [modloading-worker-0/INFO] [YetAnotherConfigLib/]: Deserializing YACLConfig from '/workspaces/SERVEER/servidor_minecraft/config/yacl.json5'
[26May2025 01:24:58.636] [modloading-worker-0/INFO] [me.treyruffy.betterf3.BetterF3Forge/]: [BetterF3] Starting...
[26May2025 01:24:58.636] [modloading-worker-0/WARN] [me.treyruffy.betterf3.BetterF3Forge/]: [BetterF3] Not supported on dedicated server!
[26May2025 01:24:58.924] [main/INFO] [net.minecraft.resources.RegistryDataLoader/]: Capturing existing worldgen registries
[26May2025 01:24:58.925] [main/INFO] [net.minecraft.resources.RegistryDataLoader/]: Found 0 injected RegistryDataLoader worldgen registries
[26May2025 01:24:58.981] [main/WARN] [net.minecraftforge.registries.ForgeRegistry/REGISTRIES]: Registry minecraft:sound_event: The object net.minecraft.sounds.SoundEvent@7aaed8a0 has been registered twice for the same name treechop:chop_wood.
[26May2025 01:24:59.137] [main/INFO] [Diagonal Blocks/]: Constructing shapes for ForgeDiagonalStainedGlassPaneBlock[NodeWidth=1.0,ExtensionWidth=1.0,NodeTop=16.0,ExtensionBottom=0.0,ExtensionTop=16.0] took 52ms
[26May2025 01:24:59.676] [main/INFO] [Diagonal Blocks/]: Constructing shapes for ForgeDiagonalFenceBlock[NodeWidth=2.0,ExtensionWidth=2.0,NodeTop=24.0,ExtensionBottom=0.0,ExtensionTop=24.0] took 23ms
[26May2025 01:24:59.704] [main/INFO] [Diagonal Blocks/]: Constructing shapes for ForgeDiagonalFenceBlock[NodeWidth=2.0,ExtensionWidth=2.0,NodeTop=16.0,ExtensionBottom=0.0,ExtensionTop=16.0] took 28ms
[26May2025 01:24:59.777] [main/INFO] [Diagonal Blocks/]: Constructing shapes for ForgeDiagonalFenceBlock[NodeWidth=2.0,ExtensionWidth=1.0,NodeTop=16.0,ExtensionBottom=6.0,ExtensionTop=15.0] took 71ms
[26May2025 01:25:01.061] [main/INFO] [Moonlight/]: Initialized block sets in 26ms
[26May2025 01:25:03.032] [main/WARN] [net.minecraftforge.common.ForgeConfigSpec/CORE]: Configuration file /workspaces/SERVEER/servidor_minecraft/config/unusualprehistory-common.toml is not correct. Correcting
[26May2025 01:25:03.034] [main/WARN] [net.minecraftforge.common.ForgeConfigSpec/CORE]: Incorrect key brachi_sound_volume was corrected from 3.0 to its default, 3.0. 
[26May2025 01:25:03.034] [main/WARN] [net.minecraftforge.common.ForgeConfigSpec/CORE]: Incorrect key brachi_teen_sound_volume was corrected from 1.5 to its default, 1.5. 
[26May2025 01:25:03.035] [main/WARN] [net.minecraftforge.common.ForgeConfigSpec/CORE]: Incorrect key rex_sound_volume was corrected from 0.5 to its default, 0.5. 
[26May2025 01:25:03.037] [Thread-3/WARN] [net.minecraftforge.fml.config.ConfigFileTypeHandler/CONFIG]: Configuration file /workspaces/SERVEER/servidor_minecraft/config/unusualprehistory-common.toml is not correct. Correcting
[26May2025 01:25:03.308] [Forge Version Check/INFO] [net.minecraftforge.fml.VersionChecker/]: [easyanvils] Starting version check at https://raw.githubusercontent.com/Fuzss/modresources/main/update/easyanvils.json
[26May2025 01:25:03.456] [modloading-worker-0/INFO] [net.tschipcraft.make_bubbles_pop.MakeBubblesPop/]: Make Bubbles Pop by Tschipcraft initialized!
[26May2025 01:25:03.499] [modloading-worker-0/INFO] [terrablender/]: Registered region minecraft:overworld to index 0 for type OVERWORLD
[26May2025 01:25:03.500] [modloading-worker-0/INFO] [terrablender/]: Registered region minecraft:nether to index 0 for type NETHER
[26May2025 01:25:03.501] [modloading-worker-0/INFO] [terrablender/]: Registered region regions_unexplored:primary to index 1 for type OVERWORLD
[26May2025 01:25:03.502] [modloading-worker-0/INFO] [terrablender/]: Registered region regions_unexplored:secondary to index 2 for type OVERWORLD
[26May2025 01:25:03.504] [modloading-worker-0/INFO] [terrablender/]: Registered region regions_unexplored:nether to index 1 for type NETHER
[26May2025 01:25:03.507] [modloading-worker-0/INFO] [com.betterchunkloading.BetterChunkLoading/]: betterchunkloading mod initialized
[26May2025 01:25:03.581] [Forge Version Check/INFO] [net.minecraftforge.fml.VersionChecker/]: [easyanvils] Found status: OUTDATED Current: 8.0.1 Target: 8.0.2
[26May2025 01:25:03.581] [Forge Version Check/INFO] [net.minecraftforge.fml.VersionChecker/]: [mcwwindows] Starting version check at https://raw.githubusercontent.com/sketchmacaw/macawsmods/master/window.json
[26May2025 01:25:03.597] [Forge Version Check/INFO] [net.minecraftforge.fml.VersionChecker/]: [mcwwindows] Found status: OUTDATED Current: 2.2.0 Target: 2.3.0
[26May2025 01:25:03.597] [Forge Version Check/INFO] [net.minecraftforge.fml.VersionChecker/]: [guardvillagers] Starting version check at https://raw.githubusercontent.com/seymourimadeit/guardvillagers/master/update.json
[26May2025 01:25:03.609] [Forge Version Check/INFO] [net.minecraftforge.fml.VersionChecker/]: [guardvillagers] Found status: BETA Current: 1.20.1-1.6.3 Target: 1.20-1.6.5
[26May2025 01:25:03.609] [Forge Version Check/INFO] [net.minecraftforge.fml.VersionChecker/]: [pickupnotifier] Starting version check at https://raw.githubusercontent.com/Fuzss/modresources/main/update/pickupnotifier.json
[26May2025 01:25:03.620] [Forge Version Check/INFO] [net.minecraftforge.fml.VersionChecker/]: [pickupnotifier] Found status: UP_TO_DATE Current: 8.0.0 Target: null
[26May2025 01:25:03.620] [Forge Version Check/INFO] [net.minecraftforge.fml.VersionChecker/]: [sound_physics_remastered] Starting version check at https://update.maxhenkel.de/forge/sound_physics_remastered
[26May2025 01:25:03.642] [main/INFO] [com.tiviacz.travelersbackpack.TravelersBackpack/]: Registered the FluidEffect with Unique ID of minecraft:water for Water (Fluid Amount Required: 1000) with the ID 0
[26May2025 01:25:03.642] [main/INFO] [com.tiviacz.travelersbackpack.TravelersBackpack/]: Registered the FluidEffect with Unique ID of minecraft:lava for Lava (Fluid Amount Required: 1000) with the ID 1
[26May2025 01:25:03.642] [main/INFO] [com.tiviacz.travelersbackpack.TravelersBackpack/]: Registered the FluidEffect with Unique ID of travelersbackpack:potion for Uncraftable Potion (Fluid Amount Required: 250) with the ID 2
[26May2025 01:25:03.643] [main/INFO] [com.tiviacz.travelersbackpack.TravelersBackpack/]: Registered the FluidEffect with Unique ID of minecraft:milk for Milk (Fluid Amount Required: 1000) with the ID 3
[26May2025 01:25:03.684] [main/INFO] [journeymap/]: Initializing Packet Registries
[26May2025 01:25:03.787] [main/INFO] [Moonlight/]: Initialized color sets in 53ms
[26May2025 01:25:03.867] [modloading-worker-0/INFO] [epicfight/]: Start animation registration of epicfight
[26May2025 01:25:03.868] [modloading-worker-0/INFO] [epicfight/]: Assigned animation id 0 to biped/living/idle
[26May2025 01:25:03.869] [modloading-worker-0/INFO] [epicfight/]: Assigned animation id 1 to biped/living/walk
[26May2025 01:25:03.869] [modloading-worker-0/INFO] [epicfight/]: Assigned animation id 2 to biped/living/fly
[26May2025 01:25:03.869] [modloading-worker-0/INFO] [epicfight/]: Assigned animation id 3 to biped/living/creative_idle
[26May2025 01:25:03.869] [modloading-worker-0/INFO] [epicfight/]: Assigned animation id 4 to biped/living/creative_fly
[26May2025 01:25:03.877] [modloading-worker-0/INFO] [epicfight/]: Assigned animation id 5 to biped/living/creative_fly_backward
[26May2025 01:25:03.878] [modloading-worker-0/INFO] [epicfight/]: Assigned animation id 6 to 
[26May2025 01:25:03.879] [modloading-worker-0/INFO] [epicfight/]: Assigned animation id 7 to biped/living/hold_crossbow
[26May2025 01:25:03.879] [modloading-worker-0/INFO] [epicfight/]: Assigned animation id 8 to biped/living/hold_map_twohand
[26May2025 01:25:03.879] [modloading-worker-0/INFO] [epicfight/]: Assigned animation id 9 to biped/living/hold_map_offhand
[26May2025 01:25:03.880] [modloading-worker-0/INFO] [epicfight/]: Assigned animation id 10 to biped/living/hold_map_mainhand
[26May2025 01:25:03.880] [modloading-worker-0/INFO] [epicfight/]: Assigned animation id 11 to biped/living/hold_map_twohand_move
[26May2025 01:25:03.881] [modloading-worker-0/INFO] [epicfight/]: Assigned animation id 12 to biped/living/hold_map_offhand_move
[26May2025 01:25:03.881] [modloading-worker-0/INFO] [epicfight/]: Assigned animation id 13 to biped/living/hold_map_mainhand_move
[26May2025 01:25:03.881] [modloading-worker-0/INFO] [epicfight/]: Assigned animation id 14 to biped/living/run
[26May2025 01:25:03.882] [modloading-worker-0/INFO] [epicfight/]: Assigned animation id 15 to biped/living/sneak
[26May2025 01:25:03.882] [modloading-worker-0/INFO] [epicfight/]: Assigned animation id 16 to biped/living/swim
[26May2025 01:25:03.883] [modloading-worker-0/INFO] [epicfight/]: Assigned animation id 17 to biped/living/float
[26May2025 01:25:03.883] [modloading-worker-0/INFO] [epicfight/]: Assigned animation id 18 to biped/living/kneel
[26May2025 01:25:03.883] [modloading-worker-0/INFO] [epicfight/]: Assigned animation id 19 to biped/living/fall
[26May2025 01:25:03.885] [modloading-worker-0/INFO] [epicfight/]: Assigned animation id 20 to biped/living/mount
[26May2025 01:25:03.885] [modloading-worker-0/INFO] [epicfight/]: Assigned animation id 21 to biped/living/sit
[26May2025 01:25:03.885] [modloading-worker-0/INFO] [epicfight/]: Assigned animation id 22 to biped/living/dig
[26May2025 01:25:03.886] [modloading-worker-0/INFO] [epicfight/]: Assigned animation id 23 to biped/living/dig_offhand
[26May2025 01:25:03.886] [modloading-worker-0/INFO] [epicfight/]: Assigned animation id 24 to 
[26May2025 01:25:03.886] [modloading-worker-0/INFO] [epicfight/]: Assigned animation id 25 to biped/combat/bow_aim_mid
[26May2025 01:25:03.887] [modloading-worker-0/INFO] [epicfight/]: Assigned animation id 26 to biped/combat/bow_shot_mid
[26May2025 01:25:03.889] [modloading-worker-0/INFO] [epicfight/]: Assigned animation id 27 to biped/living/drink
[26May2025 01:25:03.891] [modloading-worker-0/INFO] [epicfight/]: Assigned animation id 28 to biped/living/drink
[26May2025 01:25:03.891] [modloading-worker-0/INFO] [epicfight/]: Assigned animation id 29 to biped/living/drink_offhand
[26May2025 01:25:03.892] [modloading-worker-0/INFO] [epicfight/]: Assigned animation id 30 to biped/living/eat
[26May2025 01:25:03.892] [modloading-worker-0/INFO] [epicfight/]: Assigned animation id 31 to biped/living/eat
[26May2025 01:25:03.895] [modloading-worker-0/INFO] [epicfight/]: Assigned animation id 32 to biped/living/eat_offhand
[26May2025 01:25:03.895] [modloading-worker-0/INFO] [epicfight/]: Assigned animation id 33 to biped/living/spyglass
[26May2025 01:25:03.896] [modloading-worker-0/INFO] [epicfight/]: Assigned animation id 34 to biped/living/spyglass
[26May2025 01:25:03.896] [modloading-worker-0/INFO] [epicfight/]: Assigned animation id 35 to biped/living/spyglass_offhand
[26May2025 01:25:03.897] [modloading-worker-0/INFO] [epicfight/]: Assigned animation id 36 to biped/combat/crossbow_aim_mid
[26May2025 01:25:03.897] [modloading-worker-0/INFO] [epicfight/]: Assigned animation id 37 to biped/combat/crossbow_shot_mid
[26May2025 01:25:03.897] [modloading-worker-0/INFO] [epicfight/]: Assigned animation id 38 to biped/combat/crossbow_reload
[26May2025 01:25:03.898] [modloading-worker-0/INFO] [epicfight/]: Assigned animation id 39 to biped/living/jump
[26May2025 01:25:03.899] [modloading-worker-0/INFO] [epicfight/]: Assigned animation id 40 to biped/living/run_spear
[26May2025 01:25:03.902] [modloading-worker-0/INFO] [epicfight/]: Assigned animation id 41 to biped/living/shield
[26May2025 01:25:03.902] [modloading-worker-0/INFO] [epicfight/]: Assigned animation id 42 to biped/living/shield
[26May2025 01:25:03.902] [modloading-worker-0/INFO] [epicfight/]: Assigned animation id 43 to biped/living/shield_mirror
[26May2025 01:25:03.903] [modloading-worker-0/INFO] [epicfight/]: Assigned animation id 44 to biped/living/hold_greatsword
[26May2025 01:25:03.903] [modloading-worker-0/INFO] [epicfight/]: Assigned animation id 45 to biped/living/hold_uchigatana_sheath
[26May2025 01:25:03.903] [modloading-worker-0/INFO] [epicfight/]: Assigned animation id 46 to biped/living/hold_uchigatana
[26May2025 01:25:03.904] [modloading-worker-0/INFO] [epicfight/]: Assigned animation id 47 to biped/living/hold_tachi
[26May2025 01:25:03.905] [modloading-worker-0/INFO] [epicfight/]: Assigned animation id 48 to biped/living/hold_longsword
[26May2025 01:25:03.905] [modloading-worker-0/INFO] [epicfight/]: Assigned animation id 49 to biped/living/hold_spear
[26May2025 01:25:03.905] [modloading-worker-0/INFO] [epicfight/]: Assigned animation id 50 to biped/living/hold_dual
[26May2025 01:25:03.905] [modloading-worker-0/INFO] [epicfight/]: Assigned animation id 51 to biped/living/hold_liechtenauer
[26May2025 01:25:03.905] [modloading-worker-0/INFO] [epicfight/]: Assigned animation id 52 to biped/living/walk_greatsword
[26May2025 01:25:03.906] [modloading-worker-0/INFO] [epicfight/]: Assigned animation id 53 to biped/living/walk_spear
[26May2025 01:25:03.906] [modloading-worker-0/INFO] [epicfight/]: Assigned animation id 54 to biped/living/walk_uchigatana_sheath
[26May2025 01:25:03.907] [modloading-worker-0/INFO] [epicfight/]: Assigned animation id 55 to biped/living/walk_uchigatana
[26May2025 01:25:03.907] [modloading-worker-0/INFO] [epicfight/]: Assigned animation id 56 to biped/living/walk_twohand
[26May2025 01:25:03.908] [modloading-worker-0/INFO] [epicfight/]: Assigned animation id 57 to biped/living/walk_longsword
[26May2025 01:25:03.908] [modloading-worker-0/INFO] [epicfight/]: Assigned animation id 58 to biped/living/walk_liechtenauer
[26May2025 01:25:03.911] [modloading-worker-0/INFO] [epicfight/]: Assigned animation id 59 to biped/living/run_greatsword
[26May2025 01:25:03.911] [modloading-worker-0/INFO] [epicfight/]: Assigned animation id 60 to biped/living/run_uchigatana
[26May2025 01:25:03.912] [modloading-worker-0/INFO] [epicfight/]: Assigned animation id 61 to biped/living/run_uchigatana_sheath
[26May2025 01:25:03.913] [modloading-worker-0/INFO] [epicfight/]: Assigned animation id 62 to biped/living/run_dual
[26May2025 01:25:03.914] [modloading-worker-0/INFO] [epicfight/]: Assigned animation id 63 to biped/living/run_longsword
[26May2025 01:25:03.914] [modloading-worker-0/INFO] [epicfight/]: Assigned animation id 64 to biped/living/uchigatana_scrap
[26May2025 01:25:03.917] [modloading-worker-0/INFO] [epicfight/]: Assigned animation id 65 to biped/living/liechtenauer_ready
[26May2025 01:25:03.919] [modloading-worker-0/INFO] [epicfight/]: Assigned animation id 66 to biped/combat/hit_shield
[26May2025 01:25:03.919] [modloading-worker-0/INFO] [epicfight/]: Assigned animation id 67 to biped/combat/hit_shield
[26May2025 01:25:03.919] [modloading-worker-0/INFO] [epicfight/]: Assigned animation id 68 to biped/combat/hit_shield_mirror
[26May2025 01:25:03.920] [modloading-worker-0/INFO] [epicfight/]: Assigned animation id 69 to biped/living/climb
[26May2025 01:25:03.920] [modloading-worker-0/INFO] [epicfight/]: Assigned animation id 70 to biped/living/sleep
[26May2025 01:25:03.920] [modloading-worker-0/INFO] [epicfight/]: Assigned animation id 71 to biped/combat/javelin_aim_mid
[26May2025 01:25:03.921] [modloading-worker-0/INFO] [epicfight/]: Assigned animation id 72 to biped/combat/javelin_throw_mid
[26May2025 01:25:03.922] [modloading-worker-0/INFO] [epicfight/]: Assigned animation id 73 to off_highest
[26May2025 01:25:03.923] [modloading-worker-0/INFO] [epicfight/]: Assigned animation id 74 to off_middle
[26May2025 01:25:03.923] [modloading-worker-0/INFO] [epicfight/]: Assigned animation id 75 to zombie/idle
[26May2025 01:25:03.924] [modloading-worker-0/INFO] [epicfight/]: Assigned animation id 76 to zombie/walk
[26May2025 01:25:03.925] [modloading-worker-0/INFO] [epicfight/]: Assigned animation id 77 to zombie/chase
[26May2025 01:25:03.925] [modloading-worker-0/INFO] [epicfight/]: Assigned animation id 78 to creeper/idle
[26May2025 01:25:03.926] [modloading-worker-0/INFO] [epicfight/]: Assigned animation id 79 to creeper/walk
[26May2025 01:25:03.927] [modloading-worker-0/INFO] [epicfight/]: Assigned animation id 80 to enderman/idle
[26May2025 01:25:03.930] [modloading-worker-0/INFO] [epicfight/]: Assigned animation id 81 to enderman/walk
[26May2025 01:25:03.930] [modloading-worker-0/INFO] [epicfight/]: Assigned animation id 82 to enderman/rage_idle
[26May2025 01:25:03.931] [modloading-worker-0/INFO] [epicfight/]: Assigned animation id 83 to enderman/rage_walk
[26May2025 01:25:03.931] [modloading-worker-0/INFO] [epicfight/]: Assigned animation id 84 to wither_skeleton/walk
[26May2025 01:25:03.931] [modloading-worker-0/INFO] [epicfight/]: Assigned animation id 85 to wither_skeleton/chase
[26May2025 01:25:03.932] [modloading-worker-0/INFO] [epicfight/]: Assigned animation id 86 to wither_skeleton/idle
[26May2025 01:25:03.933] [modloading-worker-0/INFO] [epicfight/]: Assigned animation id 87 to wither_skeleton/special_spawn
[26May2025 01:25:03.935] [modloading-worker-0/INFO] [epicfight/]: Assigned animation id 88 to spider/idle
[26May2025 01:25:03.936] [modloading-worker-0/INFO] [epicfight/]: Assigned animation id 89 to spider/crawl
[26May2025 01:25:03.937] [modloading-worker-0/INFO] [epicfight/]: Assigned animation id 90 to iron_golem/idle
[26May2025 01:25:03.937] [modloading-worker-0/INFO] [epicfight/]: Assigned animation id 91 to iron_golem/walk
[26May2025 01:25:03.938] [modloading-worker-0/INFO] [epicfight/]: Assigned animation id 92 to hoglin/idle
[26May2025 01:25:03.938] [modloading-worker-0/INFO] [epicfight/]: Assigned animation id 93 to hoglin/walk
[26May2025 01:25:03.939] [modloading-worker-0/INFO] [epicfight/]: Assigned animation id 94 to illager/idle
[26May2025 01:25:03.939] [modloading-worker-0/INFO] [epicfight/]: Assigned animation id 95 to illager/walk
[26May2025 01:25:03.940] [modloading-worker-0/INFO] [epicfight/]: Assigned animation id 96 to illager/idle_aggressive
[26May2025 01:25:03.941] [modloading-worker-0/INFO] [epicfight/]: Assigned animation id 97 to illager/chase
[26May2025 01:25:03.941] [modloading-worker-0/INFO] [epicfight/]: Assigned animation id 98 to illager/spellcast
[26May2025 01:25:03.941] [modloading-worker-0/INFO] [epicfight/]: Assigned animation id 99 to ravager/idle
[26May2025 01:25:03.942] [modloading-worker-0/INFO] [epicfight/]: Assigned animation id 100 to ravager/walk
[26May2025 01:25:03.942] [modloading-worker-0/INFO] [epicfight/]: Assigned animation id 101 to vex/idle
[26May2025 01:25:03.942] [modloading-worker-0/INFO] [epicfight/]: Assigned animation id 102 to vex/flip
[26May2025 01:25:03.943] [modloading-worker-0/INFO] [epicfight/]: Assigned animation id 103 to piglin/idle
[26May2025 01:25:03.943] [modloading-worker-0/INFO] [epicfight/]: Assigned animation id 104 to piglin/walk
[26May2025 01:25:03.944] [modloading-worker-0/INFO] [epicfight/]: Assigned animation id 105 to piglin/zombified_idle
[26May2025 01:25:03.944] [modloading-worker-0/INFO] [epicfight/]: Assigned animation id 106 to piglin/zombified_walk
[26May2025 01:25:03.945] [modloading-worker-0/INFO] [epicfight/]: Assigned animation id 107 to piglin/zombified_chase
[26May2025 01:25:03.945] [modloading-worker-0/INFO] [epicfight/]: Assigned animation id 108 to piglin/celebrate1
[26May2025 01:25:03.945] [modloading-worker-0/INFO] [epicfight/]: Assigned animation id 109 to piglin/celebrate2
[26May2025 01:25:03.946] [modloading-worker-0/INFO] [epicfight/]: Assigned animation id 110 to piglin/celebrate3
[26May2025 01:25:03.946] [modloading-worker-0/INFO] [epicfight/]: Assigned animation id 111 to piglin/admire
[26May2025 01:25:03.947] [modloading-worker-0/INFO] [epicfight/]: Assigned animation id 112 to wither/idle
[26May2025 01:25:03.947] [modloading-worker-0/INFO] [epicfight/]: Assigned animation id 113 to biped/skill/guard_spear
[26May2025 01:25:03.948] [modloading-worker-0/INFO] [epicfight/]: Assigned animation id 114 to biped/skill/guard_sword
[26May2025 01:25:03.948] [modloading-worker-0/INFO] [epicfight/]: Assigned animation id 115 to biped/skill/guard_dualsword
[26May2025 01:25:03.949] [modloading-worker-0/INFO] [epicfight/]: Assigned animation id 116 to biped/skill/guard_greatsword
[26May2025 01:25:03.949] [modloading-worker-0/INFO] [epicfight/]: Assigned animation id 117 to biped/skill/guard_uchigatana
[26May2025 01:25:03.949] [modloading-worker-0/INFO] [epicfight/]: Assigned animation id 118 to biped/skill/guard_longsword
[26May2025 01:25:03.950] [modloading-worker-0/INFO] [epicfight/]: Assigned animation id 119 to biped/skill/steel_whirlwind_charging
[26May2025 01:25:03.950] [modloading-worker-0/INFO] [epicfight/]: Assigned animation id 120 to biped/skill/roll_forward
[26May2025 01:25:03.951] [modloading-worker-0/INFO] [epicfight/]: Assigned animation id 121 to biped/skill/roll_backward
[26May2025 01:25:03.952] [modloading-worker-0/INFO] [epicfight/]: Assigned animation id 122 to biped/skill/step_forward
[26May2025 01:25:03.952] [modloading-worker-0/INFO] [epicfight/]: Assigned animation id 123 to biped/skill/step_backward
[26May2025 01:25:03.953] [modloading-worker-0/INFO] [epicfight/]: Assigned animation id 124 to biped/skill/step_left
[26May2025 01:25:03.953] [modloading-worker-0/INFO] [epicfight/]: Assigned animation id 125 to biped/skill/step_right
[26May2025 01:25:03.953] [modloading-worker-0/INFO] [epicfight/]: Assigned animation id 126 to biped/skill/knockdown_wakeup_left
[26May2025 01:25:03.954] [modloading-worker-0/INFO] [epicfight/]: Assigned animation id 127 to biped/skill/knockdown_wakeup_right
[26May2025 01:25:03.954] [modloading-worker-0/INFO] [epicfight/]: Assigned animation id 128 to biped/skill/demolition_leap_charge
[26May2025 01:25:03.955] [modloading-worker-0/INFO] [epicfight/]: Assigned animation id 129 to biped/skill/demolition_leap
[26May2025 01:25:03.955] [modloading-worker-0/INFO] [epicfight/]: Assigned animation id 130 to biped/skill/phantom_ascent_forward
[26May2025 01:25:03.956] [modloading-worker-0/INFO] [epicfight/]: Assigned animation id 131 to biped/skill/phantom_ascent_backward
[26May2025 01:25:03.960] [modloading-worker-0/INFO] [epicfight/]: Assigned animation id 132 to biped/combat/fist_auto1
[26May2025 01:25:03.964] [modloading-worker-0/INFO] [epicfight/]: Assigned animation id 133 to biped/combat/fist_auto2
[26May2025 01:25:03.964] [modloading-worker-0/INFO] [epicfight/]: Assigned animation id 134 to biped/combat/fist_auto3
[26May2025 01:25:03.964] [modloading-worker-0/INFO] [epicfight/]: Assigned animation id 135 to biped/combat/fist_dash
[26May2025 01:25:03.966] [modloading-worker-0/INFO] [epicfight/]: Assigned animation id 136 to biped/combat/sword_auto1
[26May2025 01:25:03.966] [modloading-worker-0/INFO] [epicfight/]: Assigned animation id 137 to biped/combat/sword_auto2
[26May2025 01:25:03.966] [modloading-worker-0/INFO] [epicfight/]: Assigned animation id 138 to biped/combat/sword_auto3
[26May2025 01:25:03.966] [modloading-worker-0/INFO] [epicfight/]: Assigned animation id 139 to biped/combat/sword_dash
[26May2025 01:25:03.966] [modloading-worker-0/INFO] [epicfight/]: Assigned animation id 140 to biped/combat/greatsword_auto1
[26May2025 01:25:03.966] [modloading-worker-0/INFO] [epicfight/]: Assigned animation id 141 to biped/combat/greatsword_auto2
[26May2025 01:25:03.966] [modloading-worker-0/INFO] [epicfight/]: Assigned animation id 142 to biped/combat/greatsword_dash
[26May2025 01:25:03.967] [modloading-worker-0/INFO] [epicfight/]: Assigned animation id 143 to biped/combat/spear_onehand_auto
[26May2025 01:25:03.967] [modloading-worker-0/INFO] [epicfight/]: Assigned animation id 144 to biped/combat/spear_twohand_auto1
[26May2025 01:25:03.967] [modloading-worker-0/INFO] [epicfight/]: Assigned animation id 145 to biped/combat/spear_twohand_auto2
[26May2025 01:25:03.967] [modloading-worker-0/INFO] [epicfight/]: Assigned animation id 146 to biped/combat/spear_dash
[26May2025 01:25:03.967] [modloading-worker-0/INFO] [epicfight/]: Assigned animation id 147 to 136
[26May2025 01:25:03.968] [modloading-worker-0/INFO] [epicfight/]: Assigned animation id 148 to biped/combat/sword_auto4
[26May2025 01:25:03.968] [modloading-worker-0/INFO] [epicfight/]: Assigned animation id 149 to biped/combat/tool_dash
[26May2025 01:25:03.968] [modloading-worker-0/INFO] [epicfight/]: Assigned animation id 150 to biped/combat/axe_dash
[26May2025 01:25:03.968] [modloading-worker-0/INFO] [epicfight/]: Assigned animation id 151 to biped/combat/sword_dual_auto1
[26May2025 01:25:03.968] [modloading-worker-0/INFO] [epicfight/]: Assigned animation id 152 to biped/combat/sword_dual_auto2
[26May2025 01:25:03.968] [modloading-worker-0/INFO] [epicfight/]: Assigned animation id 153 to biped/combat/sword_dual_auto3
[26May2025 01:25:03.969] [modloading-worker-0/INFO] [epicfight/]: Assigned animation id 154 to biped/combat/sword_dual_dash
[26May2025 01:25:03.969] [modloading-worker-0/INFO] [epicfight/]: Assigned animation id 155 to biped/combat/uchigatana_auto1
[26May2025 01:25:03.969] [modloading-worker-0/INFO] [epicfight/]: Assigned animation id 156 to biped/combat/uchigatana_auto2
[26May2025 01:25:03.969] [modloading-worker-0/INFO] [epicfight/]: Assigned animation id 157 to biped/combat/uchigatana_auto3
[26May2025 01:25:03.969] [modloading-worker-0/INFO] [epicfight/]: Assigned animation id 158 to biped/combat/uchigatana_dash
[26May2025 01:25:03.973] [modloading-worker-0/INFO] [epicfight/]: Assigned animation id 159 to biped/combat/uchigatana_sheath_auto
[26May2025 01:25:03.974] [modloading-worker-0/INFO] [epicfight/]: Assigned animation id 160 to biped/combat/uchigatana_sheath_dash
[26May2025 01:25:03.974] [modloading-worker-0/INFO] [epicfight/]: Assigned animation id 161 to biped/combat/axe_auto1
[26May2025 01:25:03.974] [modloading-worker-0/INFO] [epicfight/]: Assigned animation id 162 to biped/combat/axe_auto2
[26May2025 01:25:03.974] [modloading-worker-0/INFO] [epicfight/]: Assigned animation id 163 to biped/combat/longsword_auto1
[26May2025 01:25:03.974] [modloading-worker-0/INFO] [epicfight/]: Assigned animation id 164 to biped/combat/longsword_auto2
[26May2025 01:25:03.974] [modloading-worker-0/INFO] [epicfight/]: Assigned animation id 165 to biped/combat/longsword_auto3
[26May2025 01:25:03.974] [modloading-worker-0/INFO] [epicfight/]: Assigned animation id 166 to biped/combat/longsword_dash
[26May2025 01:25:03.975] [modloading-worker-0/INFO] [epicfight/]: Assigned animation id 167 to biped/combat/longsword_liechtenauer_auto1
[26May2025 01:25:03.975] [modloading-worker-0/INFO] [epicfight/]: Assigned animation id 168 to biped/combat/longsword_liechtenauer_auto2
[26May2025 01:25:03.975] [modloading-worker-0/INFO] [epicfight/]: Assigned animation id 169 to biped/combat/longsword_liechtenauer_auto3
[26May2025 01:25:03.975] [modloading-worker-0/INFO] [epicfight/]: Assigned animation id 170 to biped/combat/tachi_auto1
[26May2025 01:25:03.975] [modloading-worker-0/INFO] [epicfight/]: Assigned animation id 171 to biped/combat/tachi_auto2
[26May2025 01:25:03.975] [modloading-worker-0/INFO] [epicfight/]: Assigned animation id 172 to biped/combat/tachi_auto3
[26May2025 01:25:03.976] [modloading-worker-0/INFO] [epicfight/]: Assigned animation id 173 to biped/combat/tachi_dash
[26May2025 01:25:03.976] [modloading-worker-0/INFO] [epicfight/]: Assigned animation id 174 to biped/combat/dagger_auto1
[26May2025 01:25:03.976] [modloading-worker-0/INFO] [epicfight/]: Assigned animation id 175 to biped/combat/dagger_auto2
[26May2025 01:25:03.976] [modloading-worker-0/INFO] [epicfight/]: Assigned animation id 176 to biped/combat/dagger_auto3
[26May2025 01:25:03.977] [modloading-worker-0/INFO] [epicfight/]: Assigned animation id 177 to biped/combat/dagger_dash
[26May2025 01:25:03.979] [modloading-worker-0/INFO] [epicfight/]: Assigned animation id 178 to biped/combat/dagger_dual_auto1
[26May2025 01:25:03.979] [modloading-worker-0/INFO] [epicfight/]: Assigned animation id 179 to biped/combat/dagger_dual_auto2
[26May2025 01:25:03.979] [modloading-worker-0/INFO] [epicfight/]: Assigned animation id 180 to biped/combat/dagger_dual_auto3
[26May2025 01:25:03.979] [modloading-worker-0/INFO] [epicfight/]: Assigned animation id 181 to biped/combat/dagger_dual_auto4
[26May2025 01:25:03.979] [modloading-worker-0/INFO] [epicfight/]: Assigned animation id 182 to biped/combat/dagger_dual_dash
[26May2025 01:25:03.980] [modloading-worker-0/INFO] [epicfight/]: Assigned animation id 183 to biped/combat/trident_auto1
[26May2025 01:25:03.980] [modloading-worker-0/INFO] [epicfight/]: Assigned animation id 184 to biped/combat/trident_auto2
[26May2025 01:25:03.980] [modloading-worker-0/INFO] [epicfight/]: Assigned animation id 185 to biped/combat/trident_auto3
[26May2025 01:25:03.981] [modloading-worker-0/INFO] [epicfight/]: Assigned animation id 186 to biped/combat/sword_airslash
[26May2025 01:25:03.981] [modloading-worker-0/INFO] [epicfight/]: Assigned animation id 187 to biped/combat/sword_dual_airslash
[26May2025 01:25:03.981] [modloading-worker-0/INFO] [epicfight/]: Assigned animation id 188 to biped/combat/uchigatana_airslash
[26May2025 01:25:03.981] [modloading-worker-0/INFO] [epicfight/]: Assigned animation id 189 to biped/combat/uchigatana_sheath_airslash
[26May2025 01:25:03.981] [modloading-worker-0/INFO] [epicfight/]: Assigned animation id 190 to biped/combat/spear_onehand_airslash
[26May2025 01:25:03.981] [modloading-worker-0/INFO] [epicfight/]: Assigned animation id 191 to biped/combat/spear_twohand_airslash
[26May2025 01:25:03.982] [modloading-worker-0/INFO] [epicfight/]: Assigned animation id 192 to biped/combat/longsword_airslash
[26May2025 01:25:03.982] [modloading-worker-0/INFO] [epicfight/]: Assigned animation id 193 to biped/combat/greatsword_airslash
[26May2025 01:25:03.983] [modloading-worker-0/INFO] [epicfight/]: Assigned animation id 194 to biped/combat/fist_airslash
[26May2025 01:25:03.983] [modloading-worker-0/INFO] [epicfight/]: Assigned animation id 195 to biped/combat/dagger_airslash
[26May2025 01:25:03.984] [modloading-worker-0/INFO] [epicfight/]: Assigned animation id 196 to 187
[26May2025 01:25:03.984] [modloading-worker-0/INFO] [epicfight/]: Assigned animation id 197 to biped/combat/axe_airslash
[26May2025 01:25:03.985] [modloading-worker-0/INFO] [epicfight/]: Assigned animation id 198 to biped/combat/sword_mount_attack
[26May2025 01:25:03.985] [modloading-worker-0/INFO] [epicfight/]: Assigned animation id 199 to biped/combat/spear_mount_attack
[26May2025 01:25:03.985] [modloading-worker-0/INFO] [epicfight/]: Assigned animation id 200 to biped/combat/mob_onehand1
[26May2025 01:25:03.985] [modloading-worker-0/INFO] [epicfight/]: Assigned animation id 201 to biped/combat/mob_onehand2
[26May2025 01:25:03.985] [modloading-worker-0/INFO] [epicfight/]: Assigned animation id 202 to biped/combat/mob_greatsword1
[26May2025 01:25:03.986] [modloading-worker-0/INFO] [epicfight/]: Assigned animation id 203 to biped/combat/mob_tachi_special
[26May2025 01:25:03.986] [modloading-worker-0/INFO] [epicfight/]: Assigned animation id 204 to biped/combat/mob_spear_onehand
[26May2025 01:25:03.986] [modloading-worker-0/INFO] [epicfight/]: Assigned animation id 205 to biped/combat/mob_spear_twohand1
[26May2025 01:25:03.986] [modloading-worker-0/INFO] [epicfight/]: Assigned animation id 206 to biped/combat/mob_spear_twohand2
[26May2025 01:25:03.987] [modloading-worker-0/INFO] [epicfight/]: Assigned animation id 207 to biped/combat/mob_spear_twohand3
[26May2025 01:25:03.987] [modloading-worker-0/INFO] [epicfight/]: Assigned animation id 208 to biped/combat/mob_sword_dual1
[26May2025 01:25:03.987] [modloading-worker-0/INFO] [epicfight/]: Assigned animation id 209 to biped/combat/mob_sword_dual2
[26May2025 01:25:03.987] [modloading-worker-0/INFO] [epicfight/]: Assigned animation id 210 to biped/combat/mob_sword_dual3
[26May2025 01:25:03.988] [modloading-worker-0/INFO] [epicfight/]: Assigned animation id 211 to biped/combat/mob_longsword1
[26May2025 01:25:03.988] [modloading-worker-0/INFO] [epicfight/]: Assigned animation id 212 to biped/combat/mob_longsword2
[26May2025 01:25:03.988] [modloading-worker-0/INFO] [epicfight/]: Assigned animation id 213 to biped/combat/mob_uchigatana1
[26May2025 01:25:03.988] [modloading-worker-0/INFO] [epicfight/]: Assigned animation id 214 to biped/combat/mob_uchigatana2
[26May2025 01:25:03.988] [modloading-worker-0/INFO] [epicfight/]: Assigned animation id 215 to biped/combat/mob_uchigatana3
[26May2025 01:25:03.988] [modloading-worker-0/INFO] [epicfight/]: Assigned animation id 216 to biped/combat/mob_dagger_onehand1
[26May2025 01:25:03.988] [modloading-worker-0/INFO] [epicfight/]: Assigned animation id 217 to biped/combat/mob_dagger_onehand2
[26May2025 01:25:03.988] [modloading-worker-0/INFO] [epicfight/]: Assigned animation id 218 to biped/combat/mob_dagger_onehand3
[26May2025 01:25:03.988] [modloading-worker-0/INFO] [epicfight/]: Assigned animation id 219 to biped/combat/mob_dagger_twohand1
[26May2025 01:25:03.990] [modloading-worker-0/INFO] [epicfight/]: Assigned animation id 220 to biped/combat/mob_dagger_twohand2
[26May2025 01:25:03.990] [modloading-worker-0/INFO] [epicfight/]: Assigned animation id 221 to biped/combat/mob_throw
[26May2025 01:25:03.991] [modloading-worker-0/INFO] [epicfight/]: Assigned animation id 222 to biped/skill/guard_sword_hit
[26May2025 01:25:03.991] [modloading-worker-0/INFO] [epicfight/]: Assigned animation id 223 to biped/skill/guard_sword_hit_active1
[26May2025 01:25:03.991] [modloading-worker-0/INFO] [epicfight/]: Assigned animation id 224 to biped/skill/guard_sword_hit_active2
[26May2025 01:25:03.991] [modloading-worker-0/INFO] [epicfight/]: Assigned animation id 225 to biped/skill/guard_sword_hit_active3
[26May2025 01:25:03.991] [modloading-worker-0/INFO] [epicfight/]: Assigned animation id 226 to biped/skill/guard_longsword_hit_active1
[26May2025 01:25:03.991] [modloading-worker-0/INFO] [epicfight/]: Assigned animation id 227 to biped/skill/guard_longsword_hit_active2
[26May2025 01:25:03.991] [modloading-worker-0/INFO] [epicfight/]: Assigned animation id 228 to biped/skill/guard_dualsword_hit
[26May2025 01:25:03.992] [modloading-worker-0/INFO] [epicfight/]: Assigned animation id 229 to biped/skill/guard_break1
[26May2025 01:25:03.992] [modloading-worker-0/INFO] [epicfight/]: Assigned animation id 230 to biped/skill/guard_break2
[26May2025 01:25:03.992] [modloading-worker-0/INFO] [epicfight/]: Assigned animation id 231 to biped/skill/guard_longsword_hit
[26May2025 01:25:03.992] [modloading-worker-0/INFO] [epicfight/]: Assigned animation id 232 to biped/skill/guard_spear_hit
[26May2025 01:25:03.992] [modloading-worker-0/INFO] [epicfight/]: Assigned animation id 233 to biped/skill/guard_greatsword_hit
[26May2025 01:25:03.992] [modloading-worker-0/INFO] [epicfight/]: Assigned animation id 234 to biped/skill/guard_uchigatana_hit
[26May2025 01:25:03.992] [modloading-worker-0/INFO] [epicfight/]: Assigned animation id 235 to biped/skill/greatsword_slam
[26May2025 01:25:03.993] [modloading-worker-0/INFO] [epicfight/]: Assigned animation id 236 to biped/skill/revelation_normal
[26May2025 01:25:03.993] [modloading-worker-0/INFO] [epicfight/]: Assigned animation id 237 to biped/skill/revelation_twohand
[26May2025 01:25:03.993] [modloading-worker-0/INFO] [epicfight/]: Assigned animation id 238 to biped/combat/hit_short
[26May2025 01:25:03.993] [modloading-worker-0/INFO] [epicfight/]: Assigned animation id 239 to biped/combat/hit_long
[26May2025 01:25:03.994] [modloading-worker-0/INFO] [epicfight/]: Assigned animation id 240 to biped/combat/hit_on_mount
[26May2025 01:25:03.995] [modloading-worker-0/INFO] [epicfight/]: Assigned animation id 241 to biped/living/landing
[26May2025 01:25:03.995] [modloading-worker-0/INFO] [epicfight/]: Assigned animation id 242 to biped/combat/knockdown
[26May2025 01:25:03.996] [modloading-worker-0/INFO] [epicfight/]: Assigned animation id 243 to biped/living/death
[26May2025 01:25:03.996] [modloading-worker-0/INFO] [epicfight/]: Assigned animation id 244 to creeper/hit_short
[26May2025 01:25:03.996] [modloading-worker-0/INFO] [epicfight/]: Assigned animation id 245 to creeper/hit_long
[26May2025 01:25:03.996] [modloading-worker-0/INFO] [epicfight/]: Assigned animation id 246 to creeper/death
[26May2025 01:25:03.996] [modloading-worker-0/INFO] [epicfight/]: Assigned animation id 247 to enderman/hit_short
[26May2025 01:25:03.996] [modloading-worker-0/INFO] [epicfight/]: Assigned animation id 248 to enderman/hit_long
[26May2025 01:25:03.996] [modloading-worker-0/INFO] [epicfight/]: Assigned animation id 249 to enderman/neutralized
[26May2025 01:25:03.996] [modloading-worker-0/INFO] [epicfight/]: Assigned animation id 250 to enderman/convert_rage
[26May2025 01:25:03.996] [modloading-worker-0/INFO] [epicfight/]: Assigned animation id 251 to enderman/tp_kick1
[26May2025 01:25:03.996] [modloading-worker-0/INFO] [epicfight/]: Assigned animation id 252 to enderman/tp_kick2
[26May2025 01:25:03.996] [modloading-worker-0/INFO] [epicfight/]: Assigned animation id 253 to enderman/rush_kick
[26May2025 01:25:03.996] [modloading-worker-0/INFO] [epicfight/]: Assigned animation id 254 to enderman/jump_kick
[26May2025 01:25:03.997] [modloading-worker-0/INFO] [epicfight/]: Assigned animation id 255 to enderman/knee
[26May2025 01:25:03.997] [modloading-worker-0/INFO] [epicfight/]: Assigned animation id 256 to enderman/kick_twice
[26May2025 01:25:03.997] [modloading-worker-0/INFO] [epicfight/]: Assigned animation id 257 to enderman/grasp
[26May2025 01:25:03.997] [modloading-worker-0/INFO] [epicfight/]: Assigned animation id 258 to enderman/death
[26May2025 01:25:03.997] [modloading-worker-0/INFO] [epicfight/]: Assigned animation id 259 to enderman/teleport
[26May2025 01:25:03.997] [modloading-worker-0/INFO] [epicfight/]: Assigned animation id 260 to dragon/idle
[26May2025 01:25:04.000] [modloading-worker-0/INFO] [epicfight/]: Assigned animation id 261 to dragon/walk
[26May2025 01:25:04.000] [modloading-worker-0/INFO] [epicfight/]: Assigned animation id 262 to dragon/fly
[26May2025 01:25:04.000] [modloading-worker-0/INFO] [epicfight/]: Assigned animation id 263 to dragon/death
[26May2025 01:25:04.000] [modloading-worker-0/INFO] [epicfight/]: Assigned animation id 264 to dragon/ground_to_fly
[26May2025 01:25:04.002] [modloading-worker-0/INFO] [epicfight/]: Assigned animation id 265 to dragon/fly_to_ground
[26May2025 01:25:04.009] [modloading-worker-0/INFO] [epicfight/]: Assigned animation id 266 to dragon/attack1
[26May2025 01:25:04.010] [modloading-worker-0/INFO] [epicfight/]: Assigned animation id 267 to dragon/attack2
[26May2025 01:25:04.011] [modloading-worker-0/INFO] [epicfight/]: Assigned animation id 268 to dragon/attack3
[26May2025 01:25:04.011] [modloading-worker-0/INFO] [epicfight/]: Assigned animation id 269 to dragon/attack4
[26May2025 01:25:04.012] [modloading-worker-0/INFO] [epicfight/]: Assigned animation id 270 to dragon/attack4_recovery
[26May2025 01:25:04.012] [modloading-worker-0/INFO] [epicfight/]: Assigned animation id 271 to dragon/fireball
[26May2025 01:25:04.013] [modloading-worker-0/INFO] [epicfight/]: Assigned animation id 272 to dragon/airstrike
[26May2025 01:25:04.013] [modloading-worker-0/INFO] [epicfight/]: Assigned animation id 273 to dragon/backjump_prepare
[26May2025 01:25:04.014] [modloading-worker-0/INFO] [epicfight/]: Assigned animation id 274 to dragon/backjump_move
[26May2025 01:25:04.015] [modloading-worker-0/INFO] [epicfight/]: Assigned animation id 275 to dragon/backjump_recovery
[26May2025 01:25:04.015] [modloading-worker-0/INFO] [epicfight/]: Assigned animation id 276 to dragon/crystal_link
[26May2025 01:25:04.016] [modloading-worker-0/INFO] [epicfight/]: Assigned animation id 277 to dragon/neutralized
[26May2025 01:25:04.017] [modloading-worker-0/INFO] [epicfight/]: Assigned animation id 278 to dragon/neutralized_recovery
[26May2025 01:25:04.018] [modloading-worker-0/INFO] [epicfight/]: Assigned animation id 279 to spider/attack
[26May2025 01:25:04.018] [modloading-worker-0/INFO] [epicfight/]: Assigned animation id 280 to spider/jump_attack
[26May2025 01:25:04.019] [modloading-worker-0/INFO] [epicfight/]: Assigned animation id 281 to spider/hit
[26May2025 01:25:04.019] [modloading-worker-0/INFO] [epicfight/]: Assigned animation id 282 to spider/neutralized
[26May2025 01:25:04.019] [modloading-worker-0/INFO] [epicfight/]: Assigned animation id 283 to spider/death
[26May2025 01:25:04.020] [modloading-worker-0/INFO] [epicfight/]: Assigned animation id 284 to iron_golem/attack1
[26May2025 01:25:04.020] [modloading-worker-0/INFO] [epicfight/]: Assigned animation id 285 to iron_golem/attack2
[26May2025 01:25:04.020] [modloading-worker-0/INFO] [epicfight/]: Assigned animation id 286 to iron_golem/attack3
[26May2025 01:25:04.021] [modloading-worker-0/INFO] [epicfight/]: Assigned animation id 287 to iron_golem/attack4
[26May2025 01:25:04.022] [modloading-worker-0/INFO] [epicfight/]: Assigned animation id 288 to iron_golem/death
[26May2025 01:25:04.022] [modloading-worker-0/INFO] [epicfight/]: Assigned animation id 289 to illager/swing_axe1
[26May2025 01:25:04.022] [modloading-worker-0/INFO] [epicfight/]: Assigned animation id 290 to illager/swing_axe2
[26May2025 01:25:04.022] [modloading-worker-0/INFO] [epicfight/]: Assigned animation id 291 to illager/swing_axe3
[26May2025 01:25:04.022] [modloading-worker-0/INFO] [epicfight/]: Assigned animation id 292 to piglin/death
[26May2025 01:25:04.022] [modloading-worker-0/INFO] [epicfight/]: Assigned animation id 293 to hoglin/death
[26May2025 01:25:04.022] [modloading-worker-0/INFO] [epicfight/]: Assigned animation id 294 to hoglin/attack
[26May2025 01:25:04.022] [modloading-worker-0/INFO] [epicfight/]: Assigned animation id 295 to ravager/death
[26May2025 01:25:04.022] [modloading-worker-0/INFO] [epicfight/]: Assigned animation id 296 to ravager/groggy
[26May2025 01:25:04.022] [modloading-worker-0/INFO] [epicfight/]: Assigned animation id 297 to ravager/attack1
[26May2025 01:25:04.022] [modloading-worker-0/INFO] [epicfight/]: Assigned animation id 298 to ravager/attack2
[26May2025 01:25:04.022] [modloading-worker-0/INFO] [epicfight/]: Assigned animation id 299 to ravager/attack3
[26May2025 01:25:04.023] [modloading-worker-0/INFO] [epicfight/]: Assigned animation id 300 to vex/hit
[26May2025 01:25:04.023] [modloading-worker-0/INFO] [epicfight/]: Assigned animation id 301 to vex/death
[26May2025 01:25:04.023] [modloading-worker-0/INFO] [epicfight/]: Assigned animation id 302 to vex/charge
[26May2025 01:25:04.025] [modloading-worker-0/INFO] [epicfight/]: Assigned animation id 303 to vex/neutralized
[26May2025 01:25:04.025] [modloading-worker-0/INFO] [epicfight/]: Assigned animation id 304 to witch/drink
[26May2025 01:25:04.025] [modloading-worker-0/INFO] [epicfight/]: Assigned animation id 305 to wither_skeleton/sword_attack1
[26May2025 01:25:04.025] [modloading-worker-0/INFO] [epicfight/]: Assigned animation id 306 to wither_skeleton/sword_attack2
[26May2025 01:25:04.025] [modloading-worker-0/INFO] [epicfight/]: Assigned animation id 307 to wither_skeleton/sword_attack3
[26May2025 01:25:04.025] [modloading-worker-0/INFO] [epicfight/]: Assigned animation id 308 to wither/rush
[26May2025 01:25:04.030] [modloading-worker-0/INFO] [epicfight/]: Assigned animation id 309 to wither/death
[26May2025 01:25:04.030] [modloading-worker-0/INFO] [epicfight/]: Assigned animation id 310 to wither/neutralized
[26May2025 01:25:04.031] [modloading-worker-0/INFO] [epicfight/]: Assigned animation id 311 to wither/spell_wither_armor
[26May2025 01:25:04.032] [modloading-worker-0/INFO] [epicfight/]: Assigned animation id 312 to wither/charging_blocked
[26May2025 01:25:04.033] [modloading-worker-0/INFO] [epicfight/]: Assigned animation id 313 to wither/ghost_stand
[26May2025 01:25:04.033] [modloading-worker-0/INFO] [epicfight/]: Assigned animation id 314 to wither/swirl
[26May2025 01:25:04.034] [modloading-worker-0/INFO] [epicfight/]: Assigned animation id 315 to wither/laser
[26May2025 01:25:04.035] [modloading-worker-0/INFO] [epicfight/]: Assigned animation id 316 to wither/backflip
[26May2025 01:25:04.036] [modloading-worker-0/INFO] [epicfight/]: Assigned animation id 317 to zombie/attack1
[26May2025 01:25:04.036] [modloading-worker-0/INFO] [epicfight/]: Assigned animation id 318 to zombie/attack2
[26May2025 01:25:04.037] [modloading-worker-0/INFO] [epicfight/]: Assigned animation id 319 to zombie/attack3
[26May2025 01:25:04.037] [modloading-worker-0/INFO] [epicfight/]: Assigned animation id 320 to biped/skill/sweeping_edge
[26May2025 01:25:04.037] [modloading-worker-0/INFO] [epicfight/]: Assigned animation id 321 to biped/skill/dancing_edge
[26May2025 01:25:04.038] [modloading-worker-0/INFO] [epicfight/]: Assigned animation id 322 to biped/skill/the_guillotine
[26May2025 01:25:04.038] [modloading-worker-0/INFO] [epicfight/]: Assigned animation id 323 to biped/skill/heartpiercer
[26May2025 01:25:04.039] [modloading-worker-0/INFO] [epicfight/]: Assigned animation id 324 to 146
[26May2025 01:25:04.040] [modloading-worker-0/INFO] [epicfight/]: Assigned animation id 325 to biped/skill/grasping_spire_second
[26May2025 01:25:04.040] [modloading-worker-0/INFO] [epicfight/]: Assigned animation id 326 to biped/skill/steel_whirlwind
[26May2025 01:25:04.041] [modloading-worker-0/INFO] [epicfight/]: Assigned animation id 327 to biped/skill/battojutsu
[26May2025 01:25:04.041] [modloading-worker-0/INFO] [epicfight/]: Assigned animation id 328 to biped/skill/battojutsu_dash
[26May2025 01:25:04.042] [modloading-worker-0/INFO] [epicfight/]: Assigned animation id 329 to biped/skill/rushing_tempo1
[26May2025 01:25:04.042] [modloading-worker-0/INFO] [epicfight/]: Assigned animation id 330 to biped/skill/rushing_tempo2
[26May2025 01:25:04.043] [modloading-worker-0/INFO] [epicfight/]: Assigned animation id 331 to biped/skill/rushing_tempo3
[26May2025 01:25:04.043] [modloading-worker-0/INFO] [epicfight/]: Assigned animation id 332 to biped/skill/relentless_combo
[26May2025 01:25:04.044] [modloading-worker-0/INFO] [epicfight/]: Assigned animation id 333 to biped/skill/eviscerate_first
[26May2025 01:25:04.044] [modloading-worker-0/INFO] [epicfight/]: Assigned animation id 334 to biped/skill/eviscerate_second
[26May2025 01:25:04.044] [modloading-worker-0/INFO] [epicfight/]: Assigned animation id 335 to biped/skill/blade_rush_combo1
[26May2025 01:25:04.048] [modloading-worker-0/INFO] [epicfight/]: Assigned animation id 336 to biped/skill/blade_rush_combo2
[26May2025 01:25:04.049] [modloading-worker-0/INFO] [epicfight/]: Assigned animation id 337 to biped/skill/blade_rush_combo3
[26May2025 01:25:04.049] [modloading-worker-0/INFO] [epicfight/]: Assigned animation id 338 to biped/interact/blade_rush_hit
[26May2025 01:25:04.050] [modloading-worker-0/INFO] [epicfight/]: Assigned animation id 339 to biped/skill/blade_rush_execute
[26May2025 01:25:04.051] [modloading-worker-0/INFO] [epicfight/]: Assigned animation id 340 to biped/skill/blade_rush_failed
[26May2025 01:25:04.054] [modloading-worker-0/INFO] [epicfight/]: Assigned animation id 341 to biped/skill/blade_rush_try
[26May2025 01:25:04.054] [modloading-worker-0/INFO] [epicfight/]: Assigned animation id 342 to biped/skill/wrathful_lighting
[26May2025 01:25:04.054] [modloading-worker-0/INFO] [epicfight/]: Assigned animation id 343 to biped/skill/tsunami
[26May2025 01:25:04.056] [modloading-worker-0/INFO] [epicfight/]: Assigned animation id 344 to biped/skill/tsunami_reinforced
[26May2025 01:25:04.059] [modloading-worker-0/INFO] [epicfight/]: Assigned animation id 345 to biped/skill/everlasting_allegiance_call
[26May2025 01:25:04.059] [modloading-worker-0/INFO] [epicfight/]: Assigned animation id 346 to biped/skill/everlasting_allegiance_catch
[26May2025 01:25:04.059] [modloading-worker-0/INFO] [epicfight/]: Assigned animation id 347 to biped/skill/sharp_stab
[26May2025 01:25:04.162] [Forge Version Check/INFO] [net.minecraftforge.fml.VersionChecker/]: [sound_physics_remastered] Found status: OUTDATED Current: 1.20.1-1.3.1 Target: 1.20.1-1.4.13
[26May2025 01:25:04.162] [Forge Version Check/INFO] [net.minecraftforge.fml.VersionChecker/]: [ctov] Starting version check at https://api.modrinth.com/updates/fgmhI8kH/forge_updates.json
[26May2025 01:25:04.280] [Forge Version Check/INFO] [net.minecraftforge.fml.VersionChecker/]: [ctov] Found status: OUTDATED Current: 3.3.6 Target: 3.4.14
[26May2025 01:25:04.280] [Forge Version Check/INFO] [net.minecraftforge.fml.VersionChecker/]: [advancementplaques] Starting version check at https://mc-update-check.anthonyhilyard.com/499826
[26May2025 01:25:04.449] [modloading-worker-0/INFO] [com.choicetheorem.ctov.ctov/]: Got IMC []
[26May2025 01:25:04.451] [modloading-worker-0/INFO] [com.choicetheorem.imst.imst/]: Got IMC []
[26May2025 01:25:04.494] [modloading-worker-0/INFO] [Jade/]: Start loading plugin at com.teamderpy.shouldersurfing.compatibility.ShoulderSurfingJadePlugin
[26May2025 01:25:04.502] [modloading-worker-0/INFO] [Jade/]: Start loading plugin at ht.treechop.compat.Jade
[26May2025 01:25:04.504] [modloading-worker-0/INFO] [Jade/]: Start loading plugin at com.aetherteam.aether.integration.jade.AetherJadePlugin
[26May2025 01:25:04.505] [modloading-worker-0/INFO] [Jade/]: Start loading plugin at twilightforest.compat.jade.JadeCompat
[26May2025 01:25:04.506] [modloading-worker-0/INFO] [Jade/]: Start loading plugin at net.blay09.mods.waystones.compat.JadeIntegration
[26May2025 01:25:04.506] [modloading-worker-0/INFO] [Jade/]: Start loading plugin at snownee.jade.addon.vanilla.VanillaPlugin
[26May2025 01:25:04.521] [modloading-worker-0/INFO] [Jade/]: Start loading plugin at snownee.jade.addon.universal.UniversalPlugin
[26May2025 01:25:04.526] [modloading-worker-0/INFO] [Jade/]: Start loading plugin at snownee.jade.addon.core.CorePlugin
[26May2025 01:25:04.528] [Forge Version Check/INFO] [net.minecraftforge.fml.VersionChecker/]: [advancementplaques] Found status: OUTDATED Current: 1.4.10 Target: 1.6.9
[26May2025 01:25:04.528] [Forge Version Check/INFO] [net.minecraftforge.fml.VersionChecker/]: [gml] Starting version check at https://maven.moddinginquisition.org/releases/org/groovymc/gml/gml/forge-promotions.json
[26May2025 01:25:04.659] [main/ERROR] [net.minecraft.Util/]: Entity valhelsia_structures:mossy_skeleton has no attributes
[26May2025 01:25:04.659] [main/ERROR] [net.minecraft.Util/]: Entity valhelsia_structures:mossy_skeleton has no attributes
[26May2025 01:25:04.660] [main/ERROR] [net.minecraft.Util/]: Entity valhelsia_structures:mossy_skeleton has no attributes
[26May2025 01:25:04.660] [main/ERROR] [net.minecraft.Util/]: Entity valhelsia_structures:mossy_skeleton has no attributes
[26May2025 01:25:04.660] [main/ERROR] [net.minecraft.Util/]: Entity valhelsia_structures:mossy_skeleton has no attributes
[26May2025 01:25:04.660] [main/ERROR] [net.minecraft.Util/]: Entity valhelsia_structures:mossy_skeleton has no attributes
[26May2025 01:25:04.661] [main/ERROR] [net.minecraft.Util/]: Entity valhelsia_structures:mossy_skeleton has no attributes
[26May2025 01:25:04.661] [main/ERROR] [net.minecraft.Util/]: Entity valhelsia_structures:mossy_skeleton has no attributes
[26May2025 01:25:04.661] [main/ERROR] [net.minecraft.Util/]: Entity valhelsia_structures:mossy_skeleton has no attributes
[26May2025 01:25:04.662] [main/ERROR] [net.minecraft.Util/]: Entity valhelsia_structures:mossy_skeleton has no attributes
[26May2025 01:25:04.662] [main/ERROR] [net.minecraft.Util/]: Entity valhelsia_structures:mossy_skeleton has no attributes
[26May2025 01:25:04.662] [main/ERROR] [net.minecraft.Util/]: Entity valhelsia_structures:mossy_skeleton has no attributes
[26May2025 01:25:04.662] [main/ERROR] [net.minecraft.Util/]: Entity valhelsia_structures:mossy_skeleton has no attributes
[26May2025 01:25:04.663] [main/ERROR] [net.minecraft.Util/]: Entity valhelsia_structures:mossy_skeleton has no attributes
[26May2025 01:25:04.663] [main/ERROR] [net.minecraft.Util/]: Entity valhelsia_structures:mossy_skeleton has no attributes
[26May2025 01:25:04.663] [main/ERROR] [net.minecraft.Util/]: Entity valhelsia_structures:mossy_skeleton has no attributes
[26May2025 01:25:04.663] [main/ERROR] [net.minecraft.Util/]: Entity valhelsia_structures:mossy_skeleton has no attributes
[26May2025 01:25:04.664] [main/ERROR] [net.minecraft.Util/]: Entity valhelsia_structures:mossy_skeleton has no attributes
[26May2025 01:25:04.664] [main/ERROR] [net.minecraft.Util/]: Entity valhelsia_structures:mossy_skeleton has no attributes
[26May2025 01:25:04.664] [main/ERROR] [net.minecraft.Util/]: Entity valhelsia_structures:mossy_skeleton has no attributes
[26May2025 01:25:04.665] [main/ERROR] [net.minecraft.Util/]: Entity valhelsia_structures:mossy_skeleton has no attributes
[26May2025 01:25:04.665] [main/ERROR] [net.minecraft.Util/]: Entity valhelsia_structures:mossy_skeleton has no attributes
[26May2025 01:25:04.665] [main/ERROR] [net.minecraft.Util/]: Entity valhelsia_structures:mossy_skeleton has no attributes
[26May2025 01:25:04.665] [main/ERROR] [net.minecraft.Util/]: Entity valhelsia_structures:mossy_skeleton has no attributes
[26May2025 01:25:04.666] [main/ERROR] [net.minecraft.Util/]: Entity valhelsia_structures:mossy_skeleton has no attributes
[26May2025 01:25:04.666] [main/ERROR] [net.minecraft.Util/]: Entity valhelsia_structures:mossy_skeleton has no attributes
[26May2025 01:25:04.666] [main/ERROR] [net.minecraft.Util/]: Entity valhelsia_structures:mossy_skeleton has no attributes
[26May2025 01:25:04.666] [main/ERROR] [net.minecraft.Util/]: Entity valhelsia_structures:mossy_skeleton has no attributes
[26May2025 01:25:04.667] [main/ERROR] [net.minecraft.Util/]: Entity valhelsia_structures:mossy_skeleton has no attributes
[26May2025 01:25:04.667] [main/ERROR] [net.minecraft.Util/]: Entity valhelsia_structures:mossy_skeleton has no attributes
[26May2025 01:25:04.667] [main/ERROR] [net.minecraft.Util/]: Entity valhelsia_structures:mossy_skeleton has no attributes
[26May2025 01:25:04.667] [main/ERROR] [net.minecraft.Util/]: Entity valhelsia_structures:mossy_skeleton has no attributes
[26May2025 01:25:04.668] [main/ERROR] [net.minecraft.Util/]: Entity valhelsia_structures:mossy_skeleton has no attributes
[26May2025 01:25:04.668] [main/ERROR] [net.minecraft.Util/]: Entity valhelsia_structures:mossy_skeleton has no attributes
[26May2025 01:25:04.668] [main/ERROR] [net.minecraft.Util/]: Entity valhelsia_structures:mossy_skeleton has no attributes
[26May2025 01:25:04.668] [main/ERROR] [net.minecraft.Util/]: Entity valhelsia_structures:mossy_skeleton has no attributes
[26May2025 01:25:04.669] [main/ERROR] [net.minecraft.Util/]: Entity valhelsia_structures:mossy_skeleton has no attributes
[26May2025 01:25:04.669] [main/ERROR] [net.minecraft.Util/]: Entity valhelsia_structures:mossy_skeleton has no attributes
[26May2025 01:25:04.669] [main/ERROR] [net.minecraft.Util/]: Entity valhelsia_structures:mossy_skeleton has no attributes
[26May2025 01:25:04.669] [main/ERROR] [net.minecraft.Util/]: Entity valhelsia_structures:mossy_skeleton has no attributes
[26May2025 01:25:04.670] [main/ERROR] [net.minecraft.Util/]: Entity valhelsia_structures:mossy_skeleton has no attributes
[26May2025 01:25:04.670] [main/ERROR] [net.minecraft.Util/]: Entity valhelsia_structures:mossy_skeleton has no attributes
[26May2025 01:25:04.806] [Forge Version Check/INFO] [net.minecraftforge.fml.VersionChecker/]: [gml] Found status: BETA Current: 4.0.9 Target: null
[26May2025 01:25:04.806] [Forge Version Check/INFO] [net.minecraftforge.fml.VersionChecker/]: [mr_tidal_towns] Starting version check at https://api.modrinth.com/updates/EEIwvQVo/forge_updates.json
[26May2025 01:25:04.855] [Forge Version Check/INFO] [net.minecraftforge.fml.VersionChecker/]: [mr_tidal_towns] Found status: OUTDATED Current: 1.2 Target: 1.3.4+mod
[26May2025 01:25:04.855] [Forge Version Check/INFO] [net.minecraftforge.fml.VersionChecker/]: [searchables] Starting version check at https://updates.blamejared.com/get?n=searchables&gv=1.20.1
[26May2025 01:25:05.264] [Forge Version Check/INFO] [net.minecraftforge.fml.VersionChecker/]: [searchables] Found status: BETA_OUTDATED Current: 1.0.2 Target: 1.0.3
[26May2025 01:25:05.264] [Forge Version Check/INFO] [net.minecraftforge.fml.VersionChecker/]: [cumulus_menus] Starting version check at https://github.com/The-Aether-Team/Cumulus/raw/1.20.1-develop/update.json
[26May2025 01:25:05.324] [Forge Version Check/INFO] [net.minecraftforge.fml.VersionChecker/]: [cumulus_menus] Found status: OUTDATED Current: 1.20.1-1.0.0-beta.1-neoforge Target: 1.20.1-1.0.1-neoforge
[26May2025 01:25:05.324] [Forge Version Check/INFO] [net.minecraftforge.fml.VersionChecker/]: [cfm] Starting version check at https://mrcrayfish.com/modupdatejson?id=cfm
[26May2025 01:25:05.569] [Forge Version Check/WARN] [net.minecraftforge.fml.VersionChecker/]: Failed to process update information
com.google.gson.JsonSyntaxException: java.lang.IllegalStateException: Expected BEGIN_OBJECT but was STRING at line 1 column 1 path $
	at com.google.gson.Gson.fromJson(Gson.java:1226) ~[gson-2.10.jar%2372!/:?]
	at com.google.gson.Gson.fromJson(Gson.java:1124) ~[gson-2.10.jar%2372!/:?]
	at com.google.gson.Gson.fromJson(Gson.java:1034) ~[gson-2.10.jar%2372!/:?]
	at com.google.gson.Gson.fromJson(Gson.java:969) ~[gson-2.10.jar%2372!/:?]
	at net.minecraftforge.fml.VersionChecker$1.process(VersionChecker.java:183) ~[fmlcore-1.20.1-47.3.5.jar%23408!/:?]
	at java.lang.Iterable.forEach(Iterable.java:75) ~[?:?]
	at net.minecraftforge.fml.VersionChecker$1.run(VersionChecker.java:114) ~[fmlcore-1.20.1-47.3.5.jar%23408!/:?]
Caused by: java.lang.IllegalStateException: Expected BEGIN_OBJECT but was STRING at line 1 column 1 path $
	at com.google.gson.stream.JsonReader.beginObject(JsonReader.java:393) ~[gson-2.10.jar%2372!/:?]
	at com.google.gson.internal.bind.MapTypeAdapterFactory$Adapter.read(MapTypeAdapterFactory.java:182) ~[gson-2.10.jar%2372!/:?]
	at com.google.gson.internal.bind.MapTypeAdapterFactory$Adapter.read(MapTypeAdapterFactory.java:144) ~[gson-2.10.jar%2372!/:?]
	at com.google.gson.Gson.fromJson(Gson.java:1214) ~[gson-2.10.jar%2372!/:?]
	... 6 more
[26May2025 01:25:05.570] [Forge Version Check/INFO] [net.minecraftforge.fml.VersionChecker/]: [fastload] Starting version check at https://github.com/BumbleSoftware/Fastload/raw/Forge-1.20.1/updates.json
[26May2025 01:25:05.590] [Forge Version Check/INFO] [net.minecraftforge.fml.VersionChecker/]: [fastload] Found status: UP_TO_DATE Current: 3.4.0 Target: null
[26May2025 01:25:05.591] [Forge Version Check/INFO] [net.minecraftforge.fml.VersionChecker/]: [visualworkbench] Starting version check at https://raw.githubusercontent.com/Fuzss/modresources/main/update/visualworkbench.json
[26May2025 01:25:05.605] [Forge Version Check/INFO] [net.minecraftforge.fml.VersionChecker/]: [visualworkbench] Found status: UP_TO_DATE Current: 8.0.0 Target: null
[26May2025 01:25:05.605] [Forge Version Check/INFO] [net.minecraftforge.fml.VersionChecker/]: [travelersbackpack] Starting version check at https://gist.githubusercontent.com/Tiviacz1337/906937677aa472285dff9d6c2a189d5e/raw
[26May2025 01:25:05.647] [Forge Version Check/INFO] [net.minecraftforge.fml.VersionChecker/]: [travelersbackpack] Found status: OUTDATED Current: 9.1.11 Target: 9.1.16
[26May2025 01:25:05.647] [Forge Version Check/INFO] [net.minecraftforge.fml.VersionChecker/]: [respawninganimals] Starting version check at https://raw.githubusercontent.com/Fuzss/modresources/main/update/respawninganimals.json
[26May2025 01:25:05.657] [Forge Version Check/INFO] [net.minecraftforge.fml.VersionChecker/]: [respawninganimals] Found status: OUTDATED Current: 8.1.1 Target: 8.2.1
[26May2025 01:25:05.657] [Forge Version Check/INFO] [net.minecraftforge.fml.VersionChecker/]: [puzzlesaccessapi] Starting version check at https://raw.githubusercontent.com/Fuzss/modresources/main/update/puzzlesaccessapi.json
[26May2025 01:25:05.667] [Forge Version Check/INFO] [net.minecraftforge.fml.VersionChecker/]: [puzzlesaccessapi] Found status: BETA Current: 8.0.7 Target: null
[26May2025 01:25:05.668] [Forge Version Check/INFO] [net.minecraftforge.fml.VersionChecker/]: [forge] Starting version check at https://files.minecraftforge.net/net/minecraftforge/forge/promotions_slim.json
[26May2025 01:25:05.886] [Forge Version Check/INFO] [net.minecraftforge.fml.VersionChecker/]: [forge] Found status: OUTDATED Current: 47.3.5 Target: 47.4.0
[26May2025 01:25:05.887] [Forge Version Check/INFO] [net.minecraftforge.fml.VersionChecker/]: [simpletomb] Starting version check at https://raw.githubusercontent.com/Lothrazar/SimpleTomb/trunk/1.20/update.json
[26May2025 01:25:05.899] [Forge Version Check/INFO] [net.minecraftforge.fml.VersionChecker/]: [simpletomb] Found status: BETA Current: 1.20.1-1.3.0 Target: 1.3.0
[26May2025 01:25:05.900] [Forge Version Check/INFO] [net.minecraftforge.fml.VersionChecker/]: [herdmentality] Starting version check at https://updates.blamejared.com/get?n=heardmentality&gv=1.20.1
[26May2025 01:25:06.002] [Forge Version Check/INFO] [net.minecraftforge.fml.VersionChecker/]: [herdmentality] Found status: BETA_OUTDATED Current: 12.0.2 Target: 12.0.3
[26May2025 01:25:06.003] [Forge Version Check/INFO] [net.minecraftforge.fml.VersionChecker/]: [canary] Starting version check at https://github.com/AbdElAziz333/Canary/raw/mc1.19.2/dev/updates.json
[26May2025 01:25:06.028] [Forge Version Check/INFO] [net.minecraftforge.fml.VersionChecker/]: [canary] Found status: OUTDATED Current: 0.2.7 Target: 0.3.3
[26May2025 01:25:06.028] [Forge Version Check/INFO] [net.minecraftforge.fml.VersionChecker/]: [puzzleslib] Starting version check at https://raw.githubusercontent.com/Fuzss/modresources/main/update/puzzleslib.json
[26May2025 01:25:06.043] [Forge Version Check/INFO] [net.minecraftforge.fml.VersionChecker/]: [puzzleslib] Found status: OUTDATED Current: 8.1.11 Target: 8.1.32
[26May2025 01:25:06.044] [Forge Version Check/INFO] [net.minecraftforge.fml.VersionChecker/]: [aquamirae] Starting version check at https://raw.githubusercontent.com/ObscuriaLithium/Home/main/aquamirae/versions.json
[26May2025 01:25:06.056] [Forge Version Check/WARN] [net.minecraftforge.fml.VersionChecker/]: Failed to process update information
com.google.gson.JsonSyntaxException: java.lang.IllegalStateException: Expected BEGIN_OBJECT but was NUMBER at line 1 column 4 path $
	at com.google.gson.Gson.fromJson(Gson.java:1226) ~[gson-2.10.jar%2372!/:?]
	at com.google.gson.Gson.fromJson(Gson.java:1124) ~[gson-2.10.jar%2372!/:?]
	at com.google.gson.Gson.fromJson(Gson.java:1034) ~[gson-2.10.jar%2372!/:?]
	at com.google.gson.Gson.fromJson(Gson.java:969) ~[gson-2.10.jar%2372!/:?]
	at net.minecraftforge.fml.VersionChecker$1.process(VersionChecker.java:183) ~[fmlcore-1.20.1-47.3.5.jar%23408!/:?]
	at java.lang.Iterable.forEach(Iterable.java:75) ~[?:?]
	at net.minecraftforge.fml.VersionChecker$1.run(VersionChecker.java:114) ~[fmlcore-1.20.1-47.3.5.jar%23408!/:?]
Caused by: java.lang.IllegalStateException: Expected BEGIN_OBJECT but was NUMBER at line 1 column 4 path $
	at com.google.gson.stream.JsonReader.beginObject(JsonReader.java:393) ~[gson-2.10.jar%2372!/:?]
	at com.google.gson.internal.bind.MapTypeAdapterFactory$Adapter.read(MapTypeAdapterFactory.java:182) ~[gson-2.10.jar%2372!/:?]
	at com.google.gson.internal.bind.MapTypeAdapterFactory$Adapter.read(MapTypeAdapterFactory.java:144) ~[gson-2.10.jar%2372!/:?]
	at com.google.gson.Gson.fromJson(Gson.java:1214) ~[gson-2.10.jar%2372!/:?]
	... 6 more
[26May2025 01:25:06.059] [Forge Version Check/INFO] [net.minecraftforge.fml.VersionChecker/]: [mr_stellarity] Starting version check at https://api.modrinth.com/updates/bZgeDzN8/forge_updates.json
[26May2025 01:25:06.125] [Forge Version Check/INFO] [net.minecraftforge.fml.VersionChecker/]: [mr_stellarity] Found status: BETA_OUTDATED Current: 2.0d Target: 2.0e
[26May2025 01:25:06.125] [Forge Version Check/INFO] [net.minecraftforge.fml.VersionChecker/]: [aether] Starting version check at https://github.com/The-Aether-Team/The-Aether/raw/1.20.1-develop/update.json
[26May2025 01:25:06.200] [Forge Version Check/INFO] [net.minecraftforge.fml.VersionChecker/]: [aether] Found status: OUTDATED Current: 1.20.1-1.0.0-beta.2-neoforge Target: 1.20.1-1.5.2-neoforge
[26May2025 01:25:06.201] [Forge Version Check/INFO] [net.minecraftforge.fml.VersionChecker/]: [controlling] Starting version check at https://updates.blamejared.com/get?n=controlling&gv=1.20.1
[26May2025 01:25:06.303] [Forge Version Check/INFO] [net.minecraftforge.fml.VersionChecker/]: [controlling] Found status: BETA Current: 12.0.2 Target: 12.0.2
[26May2025 01:25:06.304] [Forge Version Check/INFO] [net.minecraftforge.fml.VersionChecker/]: [bookshelf] Starting version check at https://updates.blamejared.com/get?n=bookshelf&gv=1.20.1
[26May2025 01:25:06.406] [Forge Version Check/INFO] [net.minecraftforge.fml.VersionChecker/]: [bookshelf] Found status: BETA_OUTDATED Current: 20.1.6 Target: 20.2.13
[26May2025 01:25:06.406] [Forge Version Check/INFO] [net.minecraftforge.fml.VersionChecker/]: [additionalstructures] Starting version check at https://raw.githubusercontent.com/XxRexRaptorxX/Update-Checker/main/AdditionalStructures.json
[26May2025 01:25:06.419] [Forge Version Check/INFO] [net.minecraftforge.fml.VersionChecker/]: [additionalstructures] Found status: OUTDATED Current: 4.2.1 Target: 4.2.2
[26May2025 01:25:06.419] [Forge Version Check/INFO] [net.minecraftforge.fml.VersionChecker/]: [twilightforest] Starting version check at https://gh.tamaized.com/TeamTwilight/twilightforest/update.json
[26May2025 01:25:06.551] [Forge Version Check/INFO] [net.minecraftforge.fml.VersionChecker/]: [twilightforest] Found status: UP_TO_DATE Current: 4.3.1893 Target: null
[26May2025 01:25:06.552] [Forge Version Check/INFO] [net.minecraftforge.fml.VersionChecker/]: [diagonalblocks] Starting version check at https://raw.githubusercontent.com/Fuzss/modresources/main/update/diagonalblocks.json
[26May2025 01:25:06.617] [Forge Version Check/INFO] [net.minecraftforge.fml.VersionChecker/]: [diagonalblocks] Found status: BETA Current: 8.0.3 Target: null
[26May2025 01:25:06.618] [Forge Version Check/INFO] [net.minecraftforge.fml.VersionChecker/]: [diagonalwindows] Starting version check at https://raw.githubusercontent.com/Fuzss/modresources/main/update/diagonalwindows.json
[26May2025 01:25:06.655] [Forge Version Check/INFO] [net.minecraftforge.fml.VersionChecker/]: [diagonalwindows] Found status: OUTDATED Current: 8.1.3 Target: 8.1.5
[26May2025 01:25:06.656] [Forge Version Check/INFO] [net.minecraftforge.fml.VersionChecker/]: [easymagic] Starting version check at https://raw.githubusercontent.com/Fuzss/modresources/main/update/easymagic.json
[26May2025 01:25:06.668] [Forge Version Check/INFO] [net.minecraftforge.fml.VersionChecker/]: [easymagic] Found status: UP_TO_DATE Current: 8.0.1 Target: null
[26May2025 01:25:06.669] [Forge Version Check/INFO] [net.minecraftforge.fml.VersionChecker/]: [obscure_api] Starting version check at https://raw.githubusercontent.com/ObscuriaLithium/Home/main/obscure_api/versions.json
[26May2025 01:25:06.680] [Forge Version Check/WARN] [net.minecraftforge.fml.VersionChecker/]: Failed to process update information
com.google.gson.JsonSyntaxException: java.lang.IllegalStateException: Expected BEGIN_OBJECT but was NUMBER at line 1 column 4 path $
	at com.google.gson.Gson.fromJson(Gson.java:1226) ~[gson-2.10.jar%2372!/:?]
	at com.google.gson.Gson.fromJson(Gson.java:1124) ~[gson-2.10.jar%2372!/:?]
	at com.google.gson.Gson.fromJson(Gson.java:1034) ~[gson-2.10.jar%2372!/:?]
	at com.google.gson.Gson.fromJson(Gson.java:969) ~[gson-2.10.jar%2372!/:?]
	at net.minecraftforge.fml.VersionChecker$1.process(VersionChecker.java:183) ~[fmlcore-1.20.1-47.3.5.jar%23408!/:?]
	at java.lang.Iterable.forEach(Iterable.java:75) ~[?:?]
	at net.minecraftforge.fml.VersionChecker$1.run(VersionChecker.java:114) ~[fmlcore-1.20.1-47.3.5.jar%23408!/:?]
Caused by: java.lang.IllegalStateException: Expected BEGIN_OBJECT but was NUMBER at line 1 column 4 path $
	at com.google.gson.stream.JsonReader.beginObject(JsonReader.java:393) ~[gson-2.10.jar%2372!/:?]
	at com.google.gson.internal.bind.MapTypeAdapterFactory$Adapter.read(MapTypeAdapterFactory.java:182) ~[gson-2.10.jar%2372!/:?]
	at com.google.gson.internal.bind.MapTypeAdapterFactory$Adapter.read(MapTypeAdapterFactory.java:144) ~[gson-2.10.jar%2372!/:?]
	at com.google.gson.Gson.fromJson(Gson.java:1214) ~[gson-2.10.jar%2372!/:?]
	... 6 more
[26May2025 01:25:06.681] [Forge Version Check/INFO] [net.minecraftforge.fml.VersionChecker/]: [clumps] Starting version check at https://updates.blamejared.com/get?n=clumps&gv=1.20.1
[26May2025 01:25:06.788] [Forge Version Check/INFO] [net.minecraftforge.fml.VersionChecker/]: [clumps] Found status: BETA_OUTDATED Current: 12.0.0.3 Target: 12.0.0.4
[26May2025 01:25:06.788] [Forge Version Check/INFO] [net.minecraftforge.fml.VersionChecker/]: [journeymap] Starting version check at https://forge.curseupdate.com/32274/journeymap
[26May2025 01:25:06.898] [Forge Version Check/INFO] [net.minecraftforge.fml.VersionChecker/]: [journeymap] Found status: OUTDATED Current: 5.9.18 Target: 5.10.3
[26May2025 01:25:06.899] [Forge Version Check/INFO] [net.minecraftforge.fml.VersionChecker/]: [make_bubbles_pop] Starting version check at https://api.modrinth.com/updates/gPCdW0Wr/forge_updates.json
[26May2025 01:25:06.961] [Forge Version Check/INFO] [net.minecraftforge.fml.VersionChecker/]: [make_bubbles_pop] Found status: OUTDATED Current: 0.2.0-forge Target: 0.3.0-forge
[26May2025 01:25:06.961] [Forge Version Check/INFO] [net.minecraftforge.fml.VersionChecker/]: [moonlight] Starting version check at https://raw.githubusercontent.com/MehVahdJukaar/Moonlight/multi-loader/forge/update.json
[26May2025 01:25:06.971] [Forge Version Check/INFO] [net.minecraftforge.fml.VersionChecker/]: [moonlight] Found status: BETA Current: 1.20-2.8.67 Target: null
[26May2025 01:25:06.971] [Forge Version Check/INFO] [net.minecraftforge.fml.VersionChecker/]: [smoothboot] Starting version check at https://github.com/AbdElAziz333/SmoothBoot-Reloaded/raw/mc1.19.2/dev/updates.json
[26May2025 01:25:07.135] [Forge Version Check/WARN] [net.minecraftforge.fml.VersionChecker/]: Failed to process update information
com.google.gson.JsonSyntaxException: java.lang.IllegalStateException: Expected BEGIN_OBJECT but was STRING at line 9 column 1 path $
	at com.google.gson.Gson.fromJson(Gson.java:1226) ~[gson-2.10.jar%2372!/:?]
	at com.google.gson.Gson.fromJson(Gson.java:1124) ~[gson-2.10.jar%2372!/:?]
	at com.google.gson.Gson.fromJson(Gson.java:1034) ~[gson-2.10.jar%2372!/:?]
	at com.google.gson.Gson.fromJson(Gson.java:969) ~[gson-2.10.jar%2372!/:?]
	at net.minecraftforge.fml.VersionChecker$1.process(VersionChecker.java:183) ~[fmlcore-1.20.1-47.3.5.jar%23408!/:?]
	at java.lang.Iterable.forEach(Iterable.java:75) ~[?:?]
	at net.minecraftforge.fml.VersionChecker$1.run(VersionChecker.java:114) ~[fmlcore-1.20.1-47.3.5.jar%23408!/:?]
Caused by: java.lang.IllegalStateException: Expected BEGIN_OBJECT but was STRING at line 9 column 1 path $
	at com.google.gson.stream.JsonReader.beginObject(JsonReader.java:393) ~[gson-2.10.jar%2372!/:?]
	at com.google.gson.internal.bind.MapTypeAdapterFactory$Adapter.read(MapTypeAdapterFactory.java:182) ~[gson-2.10.jar%2372!/:?]
	at com.google.gson.internal.bind.MapTypeAdapterFactory$Adapter.read(MapTypeAdapterFactory.java:144) ~[gson-2.10.jar%2372!/:?]
	at com.google.gson.Gson.fromJson(Gson.java:1214) ~[gson-2.10.jar%2372!/:?]
	... 6 more
[26May2025 01:25:07.136] [Forge Version Check/INFO] [net.minecraftforge.fml.VersionChecker/]: [iceberg] Starting version check at https://mc-update-check.anthonyhilyard.com/520110
[26May2025 01:25:07.165] [Forge Version Check/INFO] [net.minecraftforge.fml.VersionChecker/]: [iceberg] Found status: OUTDATED Current: 1.1.16 Target: 1.1.25
[26May2025 01:25:07.165] [Forge Version Check/INFO] [net.minecraftforge.fml.VersionChecker/]: [diagonalfences] Starting version check at https://raw.githubusercontent.com/Fuzss/modresources/main/update/diagonalfences.json
[26May2025 01:25:07.175] [Forge Version Check/INFO] [net.minecraftforge.fml.VersionChecker/]: [diagonalfences] Found status: OUTDATED Current: 8.1.2 Target: 8.1.5
[26May2025 01:25:07.176] [Forge Version Check/INFO] [net.minecraftforge.fml.VersionChecker/]: [betterf3] Starting version check at https://api.modrinth.com/updates/betterf3/forge_updates.json
[26May2025 01:25:07.249] [Forge Version Check/INFO] [net.minecraftforge.fml.VersionChecker/]: [betterf3] Found status: UP_TO_DATE Current: 7.0.2 Target: null
[26May2025 01:25:11.088] [main/INFO] [com.mojang.authlib.yggdrasil.YggdrasilAuthenticationService/]: Environment: authHost='https://authserver.mojang.com', accountsHost='https://api.mojang.com', sessionHost='https://sessionserver.mojang.com', servicesHost='https://api.minecraftservices.com', name='PROD'
[26May2025 01:25:11.267] [main/ERROR] [net.minecraft.Util/]: Entity valhelsia_structures:mossy_skeleton has no attributes
[26May2025 01:25:11.267] [main/ERROR] [net.minecraft.Util/]: Entity valhelsia_structures:mossy_skeleton has no attributes
[26May2025 01:25:11.267] [main/ERROR] [net.minecraft.Util/]: Entity valhelsia_structures:mossy_skeleton has no attributes
[26May2025 01:25:11.267] [main/ERROR] [net.minecraft.Util/]: Entity valhelsia_structures:mossy_skeleton has no attributes
[26May2025 01:25:11.267] [main/ERROR] [net.minecraft.Util/]: Entity valhelsia_structures:mossy_skeleton has no attributes
[26May2025 01:25:11.268] [main/ERROR] [net.minecraft.Util/]: Entity valhelsia_structures:mossy_skeleton has no attributes
[26May2025 01:25:11.268] [main/ERROR] [net.minecraft.Util/]: Entity valhelsia_structures:mossy_skeleton has no attributes
[26May2025 01:25:11.268] [main/ERROR] [net.minecraft.Util/]: Entity valhelsia_structures:mossy_skeleton has no attributes
[26May2025 01:25:11.268] [main/ERROR] [net.minecraft.Util/]: Entity valhelsia_structures:mossy_skeleton has no attributes
[26May2025 01:25:11.268] [main/ERROR] [net.minecraft.Util/]: Entity valhelsia_structures:mossy_skeleton has no attributes
[26May2025 01:25:11.268] [main/ERROR] [net.minecraft.Util/]: Entity valhelsia_structures:mossy_skeleton has no attributes
[26May2025 01:25:11.269] [main/ERROR] [net.minecraft.Util/]: Entity valhelsia_structures:mossy_skeleton has no attributes
[26May2025 01:25:11.269] [main/ERROR] [net.minecraft.Util/]: Entity valhelsia_structures:mossy_skeleton has no attributes
[26May2025 01:25:11.269] [main/ERROR] [net.minecraft.Util/]: Entity valhelsia_structures:mossy_skeleton has no attributes
[26May2025 01:25:11.269] [main/ERROR] [net.minecraft.Util/]: Entity valhelsia_structures:mossy_skeleton has no attributes
[26May2025 01:25:11.269] [main/ERROR] [net.minecraft.Util/]: Entity valhelsia_structures:mossy_skeleton has no attributes
[26May2025 01:25:11.269] [main/ERROR] [net.minecraft.Util/]: Entity valhelsia_structures:mossy_skeleton has no attributes
[26May2025 01:25:11.269] [main/ERROR] [net.minecraft.Util/]: Entity valhelsia_structures:mossy_skeleton has no attributes
[26May2025 01:25:11.270] [main/ERROR] [net.minecraft.Util/]: Entity valhelsia_structures:mossy_skeleton has no attributes
[26May2025 01:25:11.270] [main/ERROR] [net.minecraft.Util/]: Entity valhelsia_structures:mossy_skeleton has no attributes
[26May2025 01:25:11.270] [main/ERROR] [net.minecraft.Util/]: Entity valhelsia_structures:mossy_skeleton has no attributes
[26May2025 01:25:11.270] [main/ERROR] [net.minecraft.Util/]: Entity valhelsia_structures:mossy_skeleton has no attributes
[26May2025 01:25:11.270] [main/ERROR] [net.minecraft.Util/]: Entity valhelsia_structures:mossy_skeleton has no attributes
[26May2025 01:25:11.270] [main/ERROR] [net.minecraft.Util/]: Entity valhelsia_structures:mossy_skeleton has no attributes
[26May2025 01:25:11.271] [main/ERROR] [net.minecraft.Util/]: Entity valhelsia_structures:mossy_skeleton has no attributes
[26May2025 01:25:11.271] [main/ERROR] [net.minecraft.Util/]: Entity valhelsia_structures:mossy_skeleton has no attributes
[26May2025 01:25:11.271] [main/ERROR] [net.minecraft.Util/]: Entity valhelsia_structures:mossy_skeleton has no attributes
[26May2025 01:25:11.271] [main/ERROR] [net.minecraft.Util/]: Entity valhelsia_structures:mossy_skeleton has no attributes
[26May2025 01:25:11.271] [main/ERROR] [net.minecraft.Util/]: Entity valhelsia_structures:mossy_skeleton has no attributes
[26May2025 01:25:11.271] [main/ERROR] [net.minecraft.Util/]: Entity valhelsia_structures:mossy_skeleton has no attributes
[26May2025 01:25:11.272] [main/ERROR] [net.minecraft.Util/]: Entity valhelsia_structures:mossy_skeleton has no attributes
[26May2025 01:25:11.272] [main/ERROR] [net.minecraft.Util/]: Entity valhelsia_structures:mossy_skeleton has no attributes
[26May2025 01:25:11.272] [main/ERROR] [net.minecraft.Util/]: Entity valhelsia_structures:mossy_skeleton has no attributes
[26May2025 01:25:11.272] [main/ERROR] [net.minecraft.Util/]: Entity valhelsia_structures:mossy_skeleton has no attributes
[26May2025 01:25:11.272] [main/ERROR] [net.minecraft.Util/]: Entity valhelsia_structures:mossy_skeleton has no attributes
[26May2025 01:25:11.272] [main/ERROR] [net.minecraft.Util/]: Entity valhelsia_structures:mossy_skeleton has no attributes
[26May2025 01:25:11.272] [main/ERROR] [net.minecraft.Util/]: Entity valhelsia_structures:mossy_skeleton has no attributes
[26May2025 01:25:11.273] [main/ERROR] [net.minecraft.Util/]: Entity valhelsia_structures:mossy_skeleton has no attributes
[26May2025 01:25:11.273] [main/ERROR] [net.minecraft.Util/]: Entity valhelsia_structures:mossy_skeleton has no attributes
[26May2025 01:25:11.273] [main/ERROR] [net.minecraft.Util/]: Entity valhelsia_structures:mossy_skeleton has no attributes
[26May2025 01:25:11.273] [main/ERROR] [net.minecraft.Util/]: Entity valhelsia_structures:mossy_skeleton has no attributes
[26May2025 01:25:11.273] [main/ERROR] [net.minecraft.Util/]: Entity valhelsia_structures:mossy_skeleton has no attributes
[26May2025 01:25:11.406] [main/ERROR] [net.minecraft.Util/]: Entity valhelsia_structures:mossy_skeleton has no attributes
[26May2025 01:25:11.407] [main/ERROR] [net.minecraft.Util/]: Entity valhelsia_structures:mossy_skeleton has no attributes
[26May2025 01:25:11.407] [main/ERROR] [net.minecraft.Util/]: Entity valhelsia_structures:mossy_skeleton has no attributes
[26May2025 01:25:11.407] [main/ERROR] [net.minecraft.Util/]: Entity valhelsia_structures:mossy_skeleton has no attributes
[26May2025 01:25:11.407] [main/ERROR] [net.minecraft.Util/]: Entity valhelsia_structures:mossy_skeleton has no attributes
[26May2025 01:25:11.407] [main/ERROR] [net.minecraft.Util/]: Entity valhelsia_structures:mossy_skeleton has no attributes
[26May2025 01:25:11.407] [main/ERROR] [net.minecraft.Util/]: Entity valhelsia_structures:mossy_skeleton has no attributes
[26May2025 01:25:11.408] [main/ERROR] [net.minecraft.Util/]: Entity valhelsia_structures:mossy_skeleton has no attributes
[26May2025 01:25:11.408] [main/ERROR] [net.minecraft.Util/]: Entity valhelsia_structures:mossy_skeleton has no attributes
[26May2025 01:25:11.408] [main/ERROR] [net.minecraft.Util/]: Entity valhelsia_structures:mossy_skeleton has no attributes
[26May2025 01:25:11.408] [main/ERROR] [net.minecraft.Util/]: Entity valhelsia_structures:mossy_skeleton has no attributes
[26May2025 01:25:11.408] [main/ERROR] [net.minecraft.Util/]: Entity valhelsia_structures:mossy_skeleton has no attributes
[26May2025 01:25:11.408] [main/ERROR] [net.minecraft.Util/]: Entity valhelsia_structures:mossy_skeleton has no attributes
[26May2025 01:25:11.409] [main/ERROR] [net.minecraft.Util/]: Entity valhelsia_structures:mossy_skeleton has no attributes
[26May2025 01:25:11.409] [main/ERROR] [net.minecraft.Util/]: Entity valhelsia_structures:mossy_skeleton has no attributes
[26May2025 01:25:11.409] [main/ERROR] [net.minecraft.Util/]: Entity valhelsia_structures:mossy_skeleton has no attributes
[26May2025 01:25:11.409] [main/ERROR] [net.minecraft.Util/]: Entity valhelsia_structures:mossy_skeleton has no attributes
[26May2025 01:25:11.409] [main/ERROR] [net.minecraft.Util/]: Entity valhelsia_structures:mossy_skeleton has no attributes
[26May2025 01:25:11.409] [main/ERROR] [net.minecraft.Util/]: Entity valhelsia_structures:mossy_skeleton has no attributes
[26May2025 01:25:11.410] [main/ERROR] [net.minecraft.Util/]: Entity valhelsia_structures:mossy_skeleton has no attributes
[26May2025 01:25:11.410] [main/ERROR] [net.minecraft.Util/]: Entity valhelsia_structures:mossy_skeleton has no attributes
[26May2025 01:25:11.410] [main/ERROR] [net.minecraft.Util/]: Entity valhelsia_structures:mossy_skeleton has no attributes
[26May2025 01:25:11.410] [main/ERROR] [net.minecraft.Util/]: Entity valhelsia_structures:mossy_skeleton has no attributes
[26May2025 01:25:11.410] [main/ERROR] [net.minecraft.Util/]: Entity valhelsia_structures:mossy_skeleton has no attributes
[26May2025 01:25:11.411] [main/ERROR] [net.minecraft.Util/]: Entity valhelsia_structures:mossy_skeleton has no attributes
[26May2025 01:25:11.411] [main/ERROR] [net.minecraft.Util/]: Entity valhelsia_structures:mossy_skeleton has no attributes
[26May2025 01:25:11.411] [main/ERROR] [net.minecraft.Util/]: Entity valhelsia_structures:mossy_skeleton has no attributes
[26May2025 01:25:11.411] [main/ERROR] [net.minecraft.Util/]: Entity valhelsia_structures:mossy_skeleton has no attributes
[26May2025 01:25:11.411] [main/ERROR] [net.minecraft.Util/]: Entity valhelsia_structures:mossy_skeleton has no attributes
[26May2025 01:25:11.412] [main/ERROR] [net.minecraft.Util/]: Entity valhelsia_structures:mossy_skeleton has no attributes
[26May2025 01:25:11.412] [main/ERROR] [net.minecraft.Util/]: Entity valhelsia_structures:mossy_skeleton has no attributes
[26May2025 01:25:11.412] [main/ERROR] [net.minecraft.Util/]: Entity valhelsia_structures:mossy_skeleton has no attributes
[26May2025 01:25:11.412] [main/ERROR] [net.minecraft.Util/]: Entity valhelsia_structures:mossy_skeleton has no attributes
[26May2025 01:25:11.412] [main/ERROR] [net.minecraft.Util/]: Entity valhelsia_structures:mossy_skeleton has no attributes
[26May2025 01:25:11.412] [main/ERROR] [net.minecraft.Util/]: Entity valhelsia_structures:mossy_skeleton has no attributes
[26May2025 01:25:11.413] [main/ERROR] [net.minecraft.Util/]: Entity valhelsia_structures:mossy_skeleton has no attributes
[26May2025 01:25:11.413] [main/ERROR] [net.minecraft.Util/]: Entity valhelsia_structures:mossy_skeleton has no attributes
[26May2025 01:25:11.413] [main/ERROR] [net.minecraft.Util/]: Entity valhelsia_structures:mossy_skeleton has no attributes
[26May2025 01:25:11.413] [main/ERROR] [net.minecraft.Util/]: Entity valhelsia_structures:mossy_skeleton has no attributes
[26May2025 01:25:11.413] [main/ERROR] [net.minecraft.Util/]: Entity valhelsia_structures:mossy_skeleton has no attributes
[26May2025 01:25:11.413] [main/ERROR] [net.minecraft.Util/]: Entity valhelsia_structures:mossy_skeleton has no attributes
[26May2025 01:25:11.414] [main/ERROR] [net.minecraft.Util/]: Entity valhelsia_structures:mossy_skeleton has no attributes
[26May2025 01:25:16.000] [main/WARN] [net.minecraft.server.packs.VanillaPackResourcesBuilder/]: Assets URL 'union:/workspaces/SERVEER/servidor_minecraft/libraries/net/minecraft/server/1.20.1-20230612.114412/server-1.20.1-20230612.114412-srg.jar%23407!/assets/.mcassetsroot' uses unexpected schema
[26May2025 01:25:16.000] [main/WARN] [net.minecraft.server.packs.VanillaPackResourcesBuilder/]: Assets URL 'union:/workspaces/SERVEER/servidor_minecraft/libraries/net/minecraft/server/1.20.1-20230612.114412/server-1.20.1-20230612.114412-srg.jar%23407!/data/.mcassetsroot' uses unexpected schema
[26May2025 01:25:16.062] [main/ERROR] [Cristel Lib/]: Cristel Lib Config Pack has no data
[26May2025 01:25:16.068] [main/WARN] [Cristel Lib/]: T&T Waystone Patch Pack accepted!
[26May2025 01:25:16.211] [main/ERROR] [net.minecraft.Util/]: Invalid path in pack: fokastudio:worldgen/biome/README.md, ignoring
[26May2025 01:25:19.103] [main/INFO] [com.github.alexthe666.alexsmobs.AlexsMobs/]: Adding datapack listener capsid_recipes
[26May2025 01:25:19.104] [main/INFO] [com.github.L_Ender.cataclysm.Cataclysm/]: Adding datapack listener altar_of_amethyst_recipes
[26May2025 01:25:19.178] [Worker-Main3/ERROR] [net.minecraft.tags.TagLoader/]: Couldn't load tag cataclysm:trap_block_not_detected as it is missing following references: cataclysm:ancient_remnant (from L_Enders_Cataclysm-1.39 -1.20.1.jar)
[26May2025 01:25:19.274] [Worker-Main3/ERROR] [net.minecraft.tags.TagLoader/]: Couldn't load tag forge:is_eyestalker as it is missing following references: #forge:is_end (from enemyexpansion-2.3.1-forge-1.20.1.jar)
[26May2025 01:25:19.277] [Worker-Main3/ERROR] [net.minecraft.tags.TagLoader/]: Couldn't load tag alexsmobs:skreechers_can_spawn_wardens as it is missing following references: deeperdarker:otherside (from deeperdarker-forge-1.20.1-1.2.1.jar)
[26May2025 01:25:19.279] [Worker-Main3/ERROR] [net.minecraft.tags.TagLoader/]: Couldn't load tag forge:is_flutterfly as it is missing following references: #forge:is_magical (from enemyexpansion-2.3.1-forge-1.20.1.jar)
[26May2025 01:25:19.291] [Worker-Main2/ERROR] [net.minecraft.tags.TagLoader/]: Couldn't load tag eldritch_end:etyr_armor as it is missing following references: epicsamurai:etyrite_samurai_helmet (from epicsamurai-0.0.32-1.20.1-neo.jar), 
	epicsamurai:etyrite_samurai_chestplate (from epicsamurai-0.0.32-1.20.1-neo.jar), 
	epicsamurai:etyrite_samurai_leggings (from epicsamurai-0.0.32-1.20.1-neo.jar), 
	epicsamurai:etyrite_samurai_boots (from epicsamurai-0.0.32-1.20.1-neo.jar)
[26May2025 01:25:19.327] [Worker-Main2/ERROR] [net.minecraft.tags.TagLoader/]: No key values in MapLike[{}]
[26May2025 01:25:19.328] [Worker-Main2/ERROR] [net.minecraft.tags.TagLoader/]: Couldn't read tag list phenomena:no_basalt from phenomena:tags/worldgen/structure/no_basalt.json in data pack Phenomena-2.3.2c-1.20.jar
java.lang.RuntimeException: No key values in MapLike[{}]
	at com.mojang.serialization.DataResult.lambda$getOrThrow$5(DataResult.java:101) ~[datafixerupper-6.0.8.jar%2377!/:?]
	at com.mojang.datafixers.util.Either$Right.map(Either.java:99) ~[datafixerupper-6.0.8.jar%2377!/:?]
	at com.mojang.serialization.DataResult.getOrThrow(DataResult.java:93) ~[datafixerupper-6.0.8.jar%2377!/:?]
	at net.minecraft.tags.TagLoader.m_144495_(TagLoader.java:53) ~[server-1.20.1-20230612.114412-srg.jar%23407!/:?]
	at net.minecraft.tags.TagLoader.m_203900_(TagLoader.java:114) ~[server-1.20.1-20230612.114412-srg.jar%23407!/:?]
	at net.minecraft.tags.TagManager.m_203920_(TagManager.java:55) ~[server-1.20.1-20230612.114412-srg.jar%23407!/:?]
	at java.util.concurrent.CompletableFuture$AsyncSupply.run(CompletableFuture.java:1768) ~[?:?]
	at java.util.concurrent.CompletableFuture$AsyncSupply.exec(CompletableFuture.java:1760) ~[?:?]
	at java.util.concurrent.ForkJoinTask.doExec(ForkJoinTask.java:373) ~[?:?]
	at java.util.concurrent.ForkJoinPool$WorkQueue.topLevelExec(ForkJoinPool.java:1182) ~[?:?]
	at java.util.concurrent.ForkJoinPool.scan(ForkJoinPool.java:1655) ~[?:?]
	at java.util.concurrent.ForkJoinPool.runWorker(ForkJoinPool.java:1622) ~[?:?]
	at java.util.concurrent.ForkJoinWorkerThread.run(ForkJoinWorkerThread.java:165) ~[?:?]
[26May2025 01:25:19.405] [Worker-Main3/ERROR] [net.minecraft.tags.TagLoader/]: Couldn't load tag forge:ores/amethyst as it is missing following references: minecraft:amethyst_shard (from epicsamurai-0.0.32-1.20.1-neo.jar)
[26May2025 01:25:24.979] [main/INFO] [net.minecraft.world.item.crafting.RecipeManager/]: Skipping loading recipe epicsamurai:dye_ars_nouveau_helmet as it's serializer returned null
[26May2025 01:25:24.984] [main/INFO] [net.minecraft.world.item.crafting.RecipeManager/]: Skipping loading recipe epicsamurai:dye_ars_nouveau_leggings as it's serializer returned null
[26May2025 01:25:25.004] [main/INFO] [net.minecraft.world.item.crafting.RecipeManager/]: Skipping loading recipe epicsamurai:source_gem_samruai_helmet_ritual as it's serializer returned null
[26May2025 01:25:25.006] [main/INFO] [net.minecraft.world.item.crafting.RecipeManager/]: Skipping loading recipe epicsamurai:brass_samruai_helmet_mechanical_crafting as it's serializer returned null
[26May2025 01:25:25.009] [main/INFO] [net.minecraft.world.item.crafting.RecipeManager/]: Skipping loading recipe epicsamurai:brass_samruai_chestplate_mechanical_crafting as it's serializer returned null
[26May2025 01:25:25.011] [main/INFO] [net.minecraft.world.item.crafting.RecipeManager/]: Skipping loading recipe twilightforest:jeed/frosted as it's serializer returned null
[26May2025 01:25:25.012] [main/INFO] [net.minecraft.world.item.crafting.RecipeManager/]: Skipping loading recipe epicsamurai:neptunium_samurai_boots as it's serializer returned null
[26May2025 01:25:25.014] [main/INFO] [net.minecraft.world.item.crafting.RecipeManager/]: Skipping loading recipe epicsamurai:etyrite_samruai_chestplate_smithing as it's serializer returned null
[26May2025 01:25:25.015] [main/INFO] [net.minecraft.world.item.crafting.RecipeManager/]: Skipping loading recipe epicsamurai:neptunium_samurai_chestplate as it's serializer returned null
[26May2025 01:25:25.016] [main/INFO] [net.minecraft.world.item.crafting.RecipeManager/]: Skipping loading recipe twilightforest:jeed/hunger as it's serializer returned null
[26May2025 01:25:25.018] [main/INFO] [net.minecraft.world.item.crafting.RecipeManager/]: Skipping loading recipe epicsamurai:neptunium_samurai_leggings as it's serializer returned null
[26May2025 01:25:25.018] [main/INFO] [net.minecraft.world.item.crafting.RecipeManager/]: Skipping loading recipe epicsamurai:neptunium_samurai_helmet as it's serializer returned null
[26May2025 01:25:25.023] [main/INFO] [net.minecraft.world.item.crafting.RecipeManager/]: Skipping loading recipe epicsamurai:brass_repair_kit_mechanical_crafting as it's serializer returned null
[26May2025 01:25:25.028] [main/INFO] [net.minecraft.world.item.crafting.RecipeManager/]: Skipping loading recipe epicsamurai:living_samruai_boots_array as it's serializer returned null
[26May2025 01:25:25.028] [main/INFO] [net.minecraft.world.item.crafting.RecipeManager/]: Skipping loading recipe epicsamurai:living_samruai_boots_helmet as it's serializer returned null
[26May2025 01:25:25.029] [main/INFO] [net.minecraft.world.item.crafting.RecipeManager/]: Skipping loading recipe epicsamurai:etyrite_samruai_leggings_smithing as it's serializer returned null
[26May2025 01:25:25.031] [main/INFO] [net.minecraft.world.item.crafting.RecipeManager/]: Skipping loading recipe epicsamurai:source_gem_samruai_leggings_ritual as it's serializer returned null
[26May2025 01:25:25.032] [main/INFO] [net.minecraft.world.item.crafting.RecipeManager/]: Skipping loading recipe epicsamurai:dye_ars_nouveau_boots as it's serializer returned null
[26May2025 01:25:25.040] [main/ERROR] [net.minecraft.world.item.crafting.RecipeManager/]: Parsing error loading recipe unusualprehistory:trike_shield_smithing
com.google.gson.JsonSyntaxException: Invalid or unsupported recipe type 'minecraft:smithing'
	at net.minecraft.world.item.crafting.RecipeManager.m_220253_(RecipeManager.java:170) ~[server-1.20.1-20230612.114412-srg.jar%23407!/:?]
	at java.util.Optional.orElseThrow(Optional.java:403) ~[?:?]
	at net.minecraft.world.item.crafting.RecipeManager.fromJson(RecipeManager.java:169) ~[server-1.20.1-20230612.114412-srg.jar%23407!/:?]
	at net.minecraft.world.item.crafting.RecipeManager.m_5787_(RecipeManager.java:67) ~[server-1.20.1-20230612.114412-srg.jar%23407!/:?]
	at net.minecraft.world.item.crafting.RecipeManager.m_5787_(RecipeManager.java:34) ~[server-1.20.1-20230612.114412-srg.jar%23407!/:?]
	at net.minecraft.server.packs.resources.SimplePreparableReloadListener.m_10789_(SimplePreparableReloadListener.java:13) ~[server-1.20.1-20230612.114412-srg.jar%23407!/:?]
	at java.util.concurrent.CompletableFuture$UniAccept.tryFire(CompletableFuture.java:718) ~[?:?]
	at java.util.concurrent.CompletableFuture$Completion.run(CompletableFuture.java:482) ~[?:?]
	at net.minecraft.server.packs.resources.SimpleReloadInstance.m_143940_(SimpleReloadInstance.java:69) ~[server-1.20.1-20230612.114412-srg.jar%23407!/:?]
	at net.minecraft.Util.m_214652_(Util.java:783) ~[server-1.20.1-20230612.114412-srg.jar%23407!/:?]
	at net.minecraft.Util.m_214679_(Util.java:772) ~[server-1.20.1-20230612.114412-srg.jar%23407!/:?]
	at net.minecraft.server.Main.main(Main.java:166) ~[server-1.20.1-20230612.114412-srg.jar%23407!/:?]
	at jdk.internal.reflect.NativeMethodAccessorImpl.invoke0(Native Method) ~[?:?]
	at jdk.internal.reflect.NativeMethodAccessorImpl.invoke(NativeMethodAccessorImpl.java:77) ~[?:?]
	at jdk.internal.reflect.DelegatingMethodAccessorImpl.invoke(DelegatingMethodAccessorImpl.java:43) ~[?:?]
	at java.lang.reflect.Method.invoke(Method.java:569) ~[?:?]
	at net.minecraftforge.fml.loading.targets.CommonLaunchHandler.runTarget(CommonLaunchHandler.java:111) ~[fmlloader-1.20.1-47.3.5.jar%2369!/:?]
	at net.minecraftforge.fml.loading.targets.CommonLaunchHandler.serverService(CommonLaunchHandler.java:103) ~[fmlloader-1.20.1-47.3.5.jar%2369!/:?]
	at net.minecraftforge.fml.loading.targets.CommonServerLaunchHandler.lambda$makeService$0(CommonServerLaunchHandler.java:27) ~[fmlloader-1.20.1-47.3.5.jar%2369!/:?]
	at cpw.mods.modlauncher.LaunchServiceHandlerDecorator.launch(LaunchServiceHandlerDecorator.java:30) ~[modlauncher-10.0.9.jar%2355!/:?]
	at cpw.mods.modlauncher.LaunchServiceHandler.launch(LaunchServiceHandler.java:53) ~[modlauncher-10.0.9.jar%2355!/:?]
	at cpw.mods.modlauncher.LaunchServiceHandler.launch(LaunchServiceHandler.java:71) ~[modlauncher-10.0.9.jar%2355!/:?]
	at cpw.mods.modlauncher.Launcher.run(Launcher.java:108) ~[modlauncher-10.0.9.jar%2355!/:?]
	at cpw.mods.modlauncher.Launcher.main(Launcher.java:78) ~[modlauncher-10.0.9.jar%2355!/:?]
	at cpw.mods.modlauncher.BootstrapLaunchConsumer.accept(BootstrapLaunchConsumer.java:26) ~[modlauncher-10.0.9.jar%2355!/:?]
	at cpw.mods.modlauncher.BootstrapLaunchConsumer.accept(BootstrapLaunchConsumer.java:23) ~[modlauncher-10.0.9.jar%2355!/:?]
	at cpw.mods.bootstraplauncher.BootstrapLauncher.main(BootstrapLauncher.java:141) ~[bootstraplauncher-1.1.2.jar:?]
[26May2025 01:25:25.050] [main/INFO] [net.minecraft.world.item.crafting.RecipeManager/]: Skipping loading recipe twilightforest:jeed/blindness as it's serializer returned null
[26May2025 01:25:25.051] [main/INFO] [net.minecraft.world.item.crafting.RecipeManager/]: Skipping loading recipe epicsamurai:brass_samruai_leggings_mechanical_crafting as it's serializer returned null
[26May2025 01:25:25.055] [main/INFO] [net.minecraft.world.item.crafting.RecipeManager/]: Skipping loading recipe epicsamurai:source_gem_samruai_boots_ritual as it's serializer returned null
[26May2025 01:25:25.060] [main/INFO] [net.minecraft.world.item.crafting.RecipeManager/]: Skipping loading recipe twilightforest:jeed/poison as it's serializer returned null
[26May2025 01:25:25.067] [main/INFO] [net.minecraft.world.item.crafting.RecipeManager/]: Skipping loading recipe epicsamurai:living_samruai_leggings_array as it's serializer returned null
[26May2025 01:25:25.085] [main/INFO] [net.minecraft.world.item.crafting.RecipeManager/]: Skipping loading recipe epicsamurai:living_samruai_chestplate_array as it's serializer returned null
[26May2025 01:25:25.087] [main/INFO] [net.minecraft.world.item.crafting.RecipeManager/]: Skipping loading recipe twilightforest:jeed/resistance as it's serializer returned null
[26May2025 01:25:25.089] [main/INFO] [net.minecraft.world.item.crafting.RecipeManager/]: Skipping loading recipe epicsamurai:etyrite_samruai_helmet_smithing as it's serializer returned null
[26May2025 01:25:25.100] [main/ERROR] [net.minecraft.world.item.crafting.RecipeManager/]: Parsing error loading recipe naturalist:frontier_cap
com.google.gson.JsonSyntaxException: Invalid or unsupported recipe type 'forge:mod_loaded'
	at net.minecraft.world.item.crafting.RecipeManager.m_220253_(RecipeManager.java:170) ~[server-1.20.1-20230612.114412-srg.jar%23407!/:?]
	at java.util.Optional.orElseThrow(Optional.java:403) ~[?:?]
	at net.minecraft.world.item.crafting.RecipeManager.fromJson(RecipeManager.java:169) ~[server-1.20.1-20230612.114412-srg.jar%23407!/:?]
	at net.minecraft.world.item.crafting.RecipeManager.m_5787_(RecipeManager.java:67) ~[server-1.20.1-20230612.114412-srg.jar%23407!/:?]
	at net.minecraft.world.item.crafting.RecipeManager.m_5787_(RecipeManager.java:34) ~[server-1.20.1-20230612.114412-srg.jar%23407!/:?]
	at net.minecraft.server.packs.resources.SimplePreparableReloadListener.m_10789_(SimplePreparableReloadListener.java:13) ~[server-1.20.1-20230612.114412-srg.jar%23407!/:?]
	at java.util.concurrent.CompletableFuture$UniAccept.tryFire(CompletableFuture.java:718) ~[?:?]
	at java.util.concurrent.CompletableFuture$Completion.run(CompletableFuture.java:482) ~[?:?]
	at net.minecraft.server.packs.resources.SimpleReloadInstance.m_143940_(SimpleReloadInstance.java:69) ~[server-1.20.1-20230612.114412-srg.jar%23407!/:?]
	at net.minecraft.Util.m_214652_(Util.java:783) ~[server-1.20.1-20230612.114412-srg.jar%23407!/:?]
	at net.minecraft.Util.m_214679_(Util.java:772) ~[server-1.20.1-20230612.114412-srg.jar%23407!/:?]
	at net.minecraft.server.Main.main(Main.java:166) ~[server-1.20.1-20230612.114412-srg.jar%23407!/:?]
	at jdk.internal.reflect.NativeMethodAccessorImpl.invoke0(Native Method) ~[?:?]
	at jdk.internal.reflect.NativeMethodAccessorImpl.invoke(NativeMethodAccessorImpl.java:77) ~[?:?]
	at jdk.internal.reflect.DelegatingMethodAccessorImpl.invoke(DelegatingMethodAccessorImpl.java:43) ~[?:?]
	at java.lang.reflect.Method.invoke(Method.java:569) ~[?:?]
	at net.minecraftforge.fml.loading.targets.CommonLaunchHandler.runTarget(CommonLaunchHandler.java:111) ~[fmlloader-1.20.1-47.3.5.jar%2369!/:?]
	at net.minecraftforge.fml.loading.targets.CommonLaunchHandler.serverService(CommonLaunchHandler.java:103) ~[fmlloader-1.20.1-47.3.5.jar%2369!/:?]
	at net.minecraftforge.fml.loading.targets.CommonServerLaunchHandler.lambda$makeService$0(CommonServerLaunchHandler.java:27) ~[fmlloader-1.20.1-47.3.5.jar%2369!/:?]
	at cpw.mods.modlauncher.LaunchServiceHandlerDecorator.launch(LaunchServiceHandlerDecorator.java:30) ~[modlauncher-10.0.9.jar%2355!/:?]
	at cpw.mods.modlauncher.LaunchServiceHandler.launch(LaunchServiceHandler.java:53) ~[modlauncher-10.0.9.jar%2355!/:?]
	at cpw.mods.modlauncher.LaunchServiceHandler.launch(LaunchServiceHandler.java:71) ~[modlauncher-10.0.9.jar%2355!/:?]
	at cpw.mods.modlauncher.Launcher.run(Launcher.java:108) ~[modlauncher-10.0.9.jar%2355!/:?]
	at cpw.mods.modlauncher.Launcher.main(Launcher.java:78) ~[modlauncher-10.0.9.jar%2355!/:?]
	at cpw.mods.modlauncher.BootstrapLaunchConsumer.accept(BootstrapLaunchConsumer.java:26) ~[modlauncher-10.0.9.jar%2355!/:?]
	at cpw.mods.modlauncher.BootstrapLaunchConsumer.accept(BootstrapLaunchConsumer.java:23) ~[modlauncher-10.0.9.jar%2355!/:?]
	at cpw.mods.bootstraplauncher.BootstrapLauncher.main(BootstrapLauncher.java:141) ~[bootstraplauncher-1.1.2.jar:?]
[26May2025 01:25:25.103] [main/ERROR] [net.minecraft.world.item.crafting.RecipeManager/]: Parsing error loading recipe naturalist:frontier_cap_alt
com.google.gson.JsonSyntaxException: Invalid or unsupported recipe type 'forge:mod_loaded'
	at net.minecraft.world.item.crafting.RecipeManager.m_220253_(RecipeManager.java:170) ~[server-1.20.1-20230612.114412-srg.jar%23407!/:?]
	at java.util.Optional.orElseThrow(Optional.java:403) ~[?:?]
	at net.minecraft.world.item.crafting.RecipeManager.fromJson(RecipeManager.java:169) ~[server-1.20.1-20230612.114412-srg.jar%23407!/:?]
	at net.minecraft.world.item.crafting.RecipeManager.m_5787_(RecipeManager.java:67) ~[server-1.20.1-20230612.114412-srg.jar%23407!/:?]
	at net.minecraft.world.item.crafting.RecipeManager.m_5787_(RecipeManager.java:34) ~[server-1.20.1-20230612.114412-srg.jar%23407!/:?]
	at net.minecraft.server.packs.resources.SimplePreparableReloadListener.m_10789_(SimplePreparableReloadListener.java:13) ~[server-1.20.1-20230612.114412-srg.jar%23407!/:?]
	at java.util.concurrent.CompletableFuture$UniAccept.tryFire(CompletableFuture.java:718) ~[?:?]
	at java.util.concurrent.CompletableFuture$Completion.run(CompletableFuture.java:482) ~[?:?]
	at net.minecraft.server.packs.resources.SimpleReloadInstance.m_143940_(SimpleReloadInstance.java:69) ~[server-1.20.1-20230612.114412-srg.jar%23407!/:?]
	at net.minecraft.Util.m_214652_(Util.java:783) ~[server-1.20.1-20230612.114412-srg.jar%23407!/:?]
	at net.minecraft.Util.m_214679_(Util.java:772) ~[server-1.20.1-20230612.114412-srg.jar%23407!/:?]
	at net.minecraft.server.Main.main(Main.java:166) ~[server-1.20.1-20230612.114412-srg.jar%23407!/:?]
	at jdk.internal.reflect.NativeMethodAccessorImpl.invoke0(Native Method) ~[?:?]
	at jdk.internal.reflect.NativeMethodAccessorImpl.invoke(NativeMethodAccessorImpl.java:77) ~[?:?]
	at jdk.internal.reflect.DelegatingMethodAccessorImpl.invoke(DelegatingMethodAccessorImpl.java:43) ~[?:?]
	at java.lang.reflect.Method.invoke(Method.java:569) ~[?:?]
	at net.minecraftforge.fml.loading.targets.CommonLaunchHandler.runTarget(CommonLaunchHandler.java:111) ~[fmlloader-1.20.1-47.3.5.jar%2369!/:?]
	at net.minecraftforge.fml.loading.targets.CommonLaunchHandler.serverService(CommonLaunchHandler.java:103) ~[fmlloader-1.20.1-47.3.5.jar%2369!/:?]
	at net.minecraftforge.fml.loading.targets.CommonServerLaunchHandler.lambda$makeService$0(CommonServerLaunchHandler.java:27) ~[fmlloader-1.20.1-47.3.5.jar%2369!/:?]
	at cpw.mods.modlauncher.LaunchServiceHandlerDecorator.launch(LaunchServiceHandlerDecorator.java:30) ~[modlauncher-10.0.9.jar%2355!/:?]
	at cpw.mods.modlauncher.LaunchServiceHandler.launch(LaunchServiceHandler.java:53) ~[modlauncher-10.0.9.jar%2355!/:?]
	at cpw.mods.modlauncher.LaunchServiceHandler.launch(LaunchServiceHandler.java:71) ~[modlauncher-10.0.9.jar%2355!/:?]
	at cpw.mods.modlauncher.Launcher.run(Launcher.java:108) ~[modlauncher-10.0.9.jar%2355!/:?]
	at cpw.mods.modlauncher.Launcher.main(Launcher.java:78) ~[modlauncher-10.0.9.jar%2355!/:?]
	at cpw.mods.modlauncher.BootstrapLaunchConsumer.accept(BootstrapLaunchConsumer.java:26) ~[modlauncher-10.0.9.jar%2355!/:?]
	at cpw.mods.modlauncher.BootstrapLaunchConsumer.accept(BootstrapLaunchConsumer.java:23) ~[modlauncher-10.0.9.jar%2355!/:?]
	at cpw.mods.bootstraplauncher.BootstrapLauncher.main(BootstrapLauncher.java:141) ~[bootstraplauncher-1.1.2.jar:?]
[26May2025 01:25:25.106] [main/INFO] [net.minecraft.world.item.crafting.RecipeManager/]: Skipping loading recipe epicsamurai:source_gem_samruai_chestplate_ritual as it's serializer returned null
[26May2025 01:25:25.112] [main/INFO] [net.minecraft.world.item.crafting.RecipeManager/]: Skipping loading recipe epicsamurai:dye_ars_nouveau_chestplate as it's serializer returned null
[26May2025 01:25:25.117] [main/INFO] [net.minecraft.world.item.crafting.RecipeManager/]: Skipping loading recipe epicsamurai:brass_samruai_boots_mechanical_crafting as it's serializer returned null
[26May2025 01:25:25.119] [main/INFO] [net.minecraft.world.item.crafting.RecipeManager/]: Skipping loading recipe twilightforest:jeed/regeneration as it's serializer returned null
[26May2025 01:25:25.120] [main/INFO] [net.minecraft.world.item.crafting.RecipeManager/]: Skipping loading recipe twilightforest:jeed/slowness as it's serializer returned null
[26May2025 01:25:25.124] [main/INFO] [net.minecraft.world.item.crafting.RecipeManager/]: Skipping loading recipe epicsamurai:etyrite_samruai_boots_smithing as it's serializer returned null
[26May2025 01:25:25.124] [main/INFO] [net.minecraft.world.item.crafting.RecipeManager/]: Skipping loading recipe twilightforest:jeed/fire_resistance as it's serializer returned null
[26May2025 01:25:25.131] [main/INFO] [net.minecraft.world.item.crafting.RecipeManager/]: Loaded 28 recipes
[26May2025 01:25:25.132] [main/ERROR] [net.minecraft.server.ServerFunctionLibrary/]: Failed to load function enemyexpansion:silver_exes
java.util.concurrent.CompletionException: java.lang.IllegalArgumentException: Whilst parsing command on line 1: Incorrect argument for command at position 25: ...erfriends <--[HERE]
	at java.util.concurrent.CompletableFuture.encodeThrowable(CompletableFuture.java:315) ~[?:?]
	at java.util.concurrent.CompletableFuture.completeThrowable(CompletableFuture.java:320) ~[?:?]
	at java.util.concurrent.CompletableFuture$AsyncSupply.run(CompletableFuture.java:1770) ~[?:?]
	at java.util.concurrent.CompletableFuture$AsyncSupply.exec(CompletableFuture.java:1760) ~[?:?]
	at java.util.concurrent.ForkJoinTask.doExec(ForkJoinTask.java:373) ~[?:?]
	at java.util.concurrent.ForkJoinPool$WorkQueue.topLevelExec(ForkJoinPool.java:1182) ~[?:?]
	at java.util.concurrent.ForkJoinPool.scan(ForkJoinPool.java:1655) ~[?:?]
	at java.util.concurrent.ForkJoinPool.runWorker(ForkJoinPool.java:1622) ~[?:?]
	at java.util.concurrent.ForkJoinWorkerThread.run(ForkJoinWorkerThread.java:165) ~[?:?]
Caused by: java.lang.IllegalArgumentException: Whilst parsing command on line 1: Incorrect argument for command at position 25: ...erfriends <--[HERE]
	at net.minecraft.commands.CommandFunction.m_77984_(CommandFunction.java:63) ~[server-1.20.1-20230612.114412-srg.jar%23407!/:?]
	at net.minecraft.server.ServerFunctionLibrary.m_214320_(ServerFunctionLibrary.java:83) ~[server-1.20.1-20230612.114412-srg.jar%23407!/:?]
	at java.util.concurrent.CompletableFuture$AsyncSupply.run(CompletableFuture.java:1768) ~[?:?]
	... 6 more
[26May2025 01:25:25.172] [main/ERROR] [net.minecraft.server.ServerAdvancementManager/]: Parsing error loading custom advancement spawn:adventure/interact_with_angler_fish: Invalid criterion trigger: spawn:interact_with_angler_fish
[26May2025 01:25:25.218] [main/ERROR] [net.minecraft.server.ServerAdvancementManager/]: Parsing error loading custom advancement spawn:husbandry/open_hamster_inventory: Invalid criterion trigger: spawn:open_hamster_inventory
[26May2025 01:25:25.250] [main/ERROR] [net.minecraft.server.ServerAdvancementManager/]: Parsing error loading custom advancement spawn:husbandry/went_through_ghostly_mucus: Invalid criterion trigger: spawn:went_through_ghostly_mucus
[26May2025 01:25:25.264] [main/ERROR] [net.minecraft.server.ServerAdvancementManager/]: Parsing error loading custom advancement spawn:husbandry/got_stuck_in_mucus: Invalid criterion trigger: spawn:got_stuck_in_mucus
[26May2025 01:25:25.311] [main/ERROR] [net.minecraft.server.ServerAdvancementManager/]: Parsing error loading custom advancement minecraft:main/tame_barina: Failed to parse 'location' field
[26May2025 01:25:25.311] [main/ERROR] [net.minecraft.server.ServerAdvancementManager/]: Parsing error loading custom advancement spawn:husbandry/hatch_ant: Invalid criterion trigger: spawn:hatch_ant
[26May2025 01:25:25.344] [main/ERROR] [net.minecraft.server.ServerAdvancementManager/]: Parsing error loading custom advancement beautify:progression/candelabra: Expected item to be an item, was unknown string 'beautify:lamp_candleabra'
[26May2025 01:25:25.377] [main/INFO] [net.minecraft.advancements.AdvancementList/]: Loaded 5314 advancements
[26May2025 01:25:25.398] [main/INFO] [top.theillusivec4.curios.Curios/]: Loaded 16 curio slots
[26May2025 01:25:25.400] [main/INFO] [top.theillusivec4.curios.Curios/]: Loaded 9 curio entities
[26May2025 01:25:25.407] [main/INFO] [com.github.nyuppo.MoreMobVariants/]: Reloading config...
[26May2025 01:25:25.429] [main/WARN] [epicfight/]: Can't find particle type epicfight:entity.hit.blunt
[26May2025 01:25:25.454] [main/INFO] [com.peeko32213.unusualprehistory.common.data.AnalyzerRecipeJsonManager/]: Data loader for unusualprehistory/analyzer loaded 14 jsons
[26May2025 01:25:25.455] [main/INFO] [com.peeko32213.unusualprehistory.common.data.LootFruitJsonManager/]: Data loader for unusualprehistory/trades loaded 4 jsons
[26May2025 01:25:25.480] [main/INFO] [com.peeko32213.unusualprehistory.common.data.EncyclopediaJsonManager/]: Data loader for unusualprehistory/encyclopedia loaded 47 jsons
[26May2025 01:25:25.481] [main/INFO] [atomicstryker.dynamiclights.server.ItemLightLevels/]: Clearing item tag to light level mapping cache
[26May2025 01:25:25.487] [main/INFO] [twilightforest/]: Loaded 9 Stalactite configs!
[26May2025 01:25:25.539] [main/WARN] [net.minecraft.core.MappedRegistry/]: Not all defined tags for registry ResourceKey[minecraft:root / minecraft:worldgen/biome] are present in data pack: forge:is_flutterfly
[26May2025 01:25:30.028] [Server thread/INFO] [net.minecraft.server.dedicated.DedicatedServer/]: Starting minecraft server version 1.20.1
[26May2025 01:25:30.028] [Server thread/INFO] [net.minecraft.server.dedicated.DedicatedServer/]: Loading properties
[26May2025 01:25:30.028] [Server thread/INFO] [net.minecraft.server.dedicated.DedicatedServer/]: Default game type: SURVIVAL
[26May2025 01:25:30.028] [Server thread/INFO] [net.minecraft.server.MinecraftServer/]: Generating keypair
[26May2025 01:25:30.148] [Server thread/INFO] [net.minecraft.server.dedicated.DedicatedServer/]: Starting Minecraft server on *:25565
[26May2025 01:25:30.176] [Server thread/INFO] [net.minecraft.server.network.ServerConnectionListener/]: Using epoll channel type
[26May2025 01:25:30.274] [Server thread/WARN] [net.minecraft.server.dedicated.DedicatedServer/]: **** SERVER IS RUNNING IN OFFLINE/INSECURE MODE!
[26May2025 01:25:30.274] [Server thread/WARN] [net.minecraft.server.dedicated.DedicatedServer/]: The server will make no attempt to authenticate usernames. Beware.
[26May2025 01:25:30.275] [Server thread/WARN] [net.minecraft.server.dedicated.DedicatedServer/]: While this makes the game possible to play without internet access, it also opens up the ability for hackers to connect with any username they choose.
[26May2025 01:25:30.275] [Server thread/WARN] [net.minecraft.server.dedicated.DedicatedServer/]: To change this, set "online-mode" to "true" in the server.properties file.
[26May2025 01:25:30.295] [Server thread/INFO] [Puzzles Lib/]: Loading server config for easyanvils
[26May2025 01:25:30.297] [Thread-3/INFO] [Puzzles Lib/]: Reloading server config for easyanvils
[26May2025 01:25:30.297] [Server thread/INFO] [Puzzles Lib/]: Loading server config for pickupnotifier
[26May2025 01:25:30.298] [Thread-3/INFO] [Puzzles Lib/]: Reloading server config for easyanvils
[26May2025 01:25:30.299] [Thread-3/INFO] [Puzzles Lib/]: Reloading server config for pickupnotifier
[26May2025 01:25:30.311] [Server thread/INFO] [Puzzles Lib/]: Loading server config for easymagic
[26May2025 01:25:30.312] [Thread-3/INFO] [Puzzles Lib/]: Reloading server config for easymagic
[26May2025 01:25:30.314] [Server thread/INFO] [journeymap/]: Loading JourneyMap Forge Configs
[26May2025 01:25:30.316] [Thread-3/INFO] [journeymap/]: Loading JourneyMap Forge Configs
[26May2025 01:25:30.619] [Server thread/INFO] [atomicstryker.dynamiclights.server.modules.PlayerSelfLightSource/]: item config parser identified itemstack 1 torch
[26May2025 01:25:30.620] [Server thread/INFO] [atomicstryker.dynamiclights.server.modules.PlayerSelfLightSource/]: item config parser identified itemstack 1 glowstone
[26May2025 01:25:30.620] [Server thread/INFO] [atomicstryker.dynamiclights.server.modules.PlayerSelfLightSource/]: item config parser finished, item count: 2
[26May2025 01:25:30.620] [Server thread/INFO] [atomicstryker.dynamiclights.server.modules.PlayerSelfLightSource/]: item config parser identified itemstack 1 torch
[26May2025 01:25:30.621] [Server thread/INFO] [atomicstryker.dynamiclights.server.modules.PlayerSelfLightSource/]: item config parser finished, item count: 1
[26May2025 01:25:30.622] [Server thread/INFO] [atomicstryker.dynamiclights.server.modules.DroppedItemsLightSource/]: item config parser identified itemstack 1 torch
[26May2025 01:25:30.623] [Server thread/INFO] [atomicstryker.dynamiclights.server.modules.DroppedItemsLightSource/]: item config parser identified itemstack 1 glowstone
[26May2025 01:25:30.624] [Server thread/INFO] [atomicstryker.dynamiclights.server.modules.DroppedItemsLightSource/]: item config parser finished, item count: 2
[26May2025 01:25:30.624] [Server thread/INFO] [atomicstryker.dynamiclights.server.modules.DroppedItemsLightSource/]: item config parser identified itemstack 1 torch
[26May2025 01:25:30.625] [Server thread/INFO] [atomicstryker.dynamiclights.server.modules.DroppedItemsLightSource/]: item config parser finished, item count: 1
[26May2025 01:25:30.925] [Server thread/INFO] [terrablender/]: Initialized TerraBlender biomes for level stem minecraft:overworld
[26May2025 01:25:30.925] [Server thread/INFO] [terrablender/]: Initialized TerraBlender biomes for level stem minecraft:the_nether
[26May2025 01:25:30.929] [Server thread/INFO] [net.minecraft.server.dedicated.DedicatedServer/]: Preparing level "AAAA"
[26May2025 01:25:43.939] [Server thread/INFO] [net.minecraft.server.MinecraftServer/]: Preparing start region for dimension minecraft:overworld
[26May2025 01:25:52.711] [Server thread/INFO] [com.cupboard.Cupboard/]: Loaded config for: betterchunkloading.json
[26May2025 01:25:53.686] [Server thread/INFO] [net.minecraft.server.level.progress.LoggerChunkProgressListener/]: Time elapsed: 842848 ms
[26May2025 01:25:53.687] [Server thread/INFO] [net.minecraft.server.dedicated.DedicatedServer/]: Done (23.396s)! For help, type "help"
[26May2025 01:25:53.764] [Server thread/INFO] [net.minecraftforge.server.permission.PermissionAPI/]: Successfully initialized permission handler forge:default_handler
[26May2025 01:25:53.766] [Server thread/INFO] [com.github.nyuppo.MoreMobVariants/]: Giving mobs a fresh coat of paint...
[26May2025 01:25:53.767] [Server thread/INFO] [net.stardustlabs.incendium.Incendium/]: Thanks for choosing Incendium!
[26May2025 01:25:53.767] [Server thread/INFO] [net.stardustlabs.structorytowers.StructoryTowers/]: Thanks for choosing StructoryTowers!
[26May2025 01:25:53.767] [Server thread/INFO] [net.stardustlabs.structory.Structory/]: Thanks for choosing Structory!
[26May2025 01:25:53.809] [Server thread/INFO] [com.peeko32213.unusualprehistory.common.data.AnalyzerRecipeJsonManager/]: Registered 17 jsons with items!
[26May2025 01:25:53.813] [Server thread/INFO] [com.cupboard.Cupboard/]: Loaded config for: betterfpsdist.json
[26May2025 01:25:53.814] [Server thread/INFO] [com.cupboard.Cupboard/]: Loaded config for: cupboard.json
[26May2025 01:25:53.815] [Server thread/INFO] [patchouli/]: Sending reload packet to clients
[26May2025 01:28:19.425] [Server thread/WARN] [net.minecraft.network.syncher.SynchedEntityData/]: defineId called for: class net.minecraft.world.entity.player.Player from class tschipp.carryon.common.carry.CarryOnDataManager
[26May2025 01:28:19.576] [Server thread/INFO] [net.minecraft.server.players.PlayerList/]: PandagamerP[/127.74.19.90:51981] logged in with entity id 51 at (-1012.5522852626372, 91.5, -2660.4332187371124)
[26May2025 01:28:19.718] [Server thread/INFO] [net.minecraft.server.MinecraftServer/]: PandagamerP joined the game
[26May2025 01:28:19.931] [Server thread/INFO] [Jade/]: Syncing config to PandagamerP (585e6dc8-df73-3ccd-9607-c3110a1f71b6)
[26May2025 01:28:21.872] [Server thread/WARN] [net.minecraft.server.MinecraftServer/]: Can't keep up! Is the server overloaded? Running 2356ms or 47 ticks behind
[26May2025 01:40:37.333] [Server thread/INFO] [net.minecraft.server.MinecraftServer/]: PandagamerP has made the advancement [We Need to Go Deeper]
[26May2025 01:40:37.334] [Server thread/INFO] [net.minecraft.server.MinecraftServer/]: PandagamerP has made the advancement [Incendium]
[26May2025 01:41:34.266] [Server thread/INFO] [net.minecraft.server.players.PlayerList/]: Casti414[/127.235.203.197:39629] logged in with entity id 9935 at (118.69934748171578, 139.0, -494.2558756183161)
[26May2025 01:41:34.294] [Server thread/INFO] [net.minecraft.server.MinecraftServer/]: Casti414 joined the game
[26May2025 01:41:34.428] [Server thread/INFO] [Jade/]: Syncing config to Casti414 (aae11e9d-7958-355d-b6a7-3da8fe09ab5c)
[26May2025 01:44:58.912] [Server thread/INFO] [net.minecraft.server.MinecraftServer/]: [Not Secure] <PandagamerP> CASTI+
[26May2025 01:45:00.396] [Server thread/INFO] [net.minecraft.server.MinecraftServer/]: [Not Secure] <PandagamerP> ABLA
[26May2025 01:47:09.584] [Server thread/INFO] [net.minecraft.world.entity.npc.Villager/]: Villager Villager['Unemployed'/14155, l='ServerLevel[AAAA]', x=23.50, y=124.00, z=-53.71] died, message: 'Unemployed was dragged underground by Dorcel'
[26May2025 01:48:23.087] [Server thread/INFO] [net.minecraft.server.MinecraftServer/]: PandagamerP has made the advancement [Downer]
[26May2025 01:49:14.996] [Server thread/INFO] [com.tiviacz.travelersbackpack.TravelersBackpack/]: Created new backpack backup file for PandagamerP with unique ID a96d97ec-a27b-44d5-9851-e49dd390b5da
[26May2025 01:49:14.997] [Server thread/INFO] [com.tiviacz.travelersbackpack.TravelersBackpack/]: Your backpack has been placed at X: 59 Y: 53 Z: -120
[26May2025 01:49:15.005] [Server thread/INFO] [net.minecraft.server.MinecraftServer/]: PandagamerP fell from a high place
[26May2025 01:49:15.016] [Server thread/INFO] [com.lothrazar.simpletomb.ModTomb/]: simpletomb.message.new_grave(58, 53, -122) minecraft:the_nether
[26May2025 01:52:05.200] [Server thread/INFO] [com.lothrazar.simpletomb.ModTomb/]: 0 result 0 air
[26May2025 01:52:05.201] [Server thread/INFO] [com.lothrazar.simpletomb.ModTomb/]: 0 result 1 chainmail_gloves
[26May2025 01:53:43.694] [Server thread/WARN] [net.minecraft.server.level.ServerPlayerGameMode/]: Mismatch in destroy block pos: BlockPos{x=57, y=23, z=-148} BlockPos{x=58, y=23, z=-147}
[26May2025 01:53:43.743] [Server thread/WARN] [net.minecraft.server.level.ServerPlayerGameMode/]: Mismatch in destroy block pos: BlockPos{x=57, y=23, z=-148} BlockPos{x=58, y=23, z=-147}
[26May2025 01:54:07.688] [Server thread/WARN] [net.minecraft.server.level.ServerPlayerGameMode/]: Mismatch in destroy block pos: BlockPos{x=24, y=16, z=-150} BlockPos{x=22, y=16, z=-149}
[26May2025 01:54:07.743] [Server thread/WARN] [net.minecraft.server.level.ServerPlayerGameMode/]: Mismatch in destroy block pos: BlockPos{x=24, y=16, z=-150} BlockPos{x=22, y=16, z=-149}
[26May2025 01:55:02.097] [Server thread/INFO] [net.minecraft.server.MinecraftServer/]: PandagamerP has made the advancement [Hidden in the Depths]
[26May2025 01:55:39.717] [Server thread/WARN] [net.minecraft.server.level.ServerPlayerGameMode/]: Mismatch in destroy block pos: BlockPos{x=-37, y=15, z=-171} BlockPos{x=-39, y=16, z=-170}
[26May2025 01:55:39.751] [Server thread/WARN] [net.minecraft.server.level.ServerPlayerGameMode/]: Mismatch in destroy block pos: BlockPos{x=-37, y=16, z=-171} BlockPos{x=-39, y=16, z=-170}
[26May2025 01:55:39.797] [Server thread/WARN] [net.minecraft.server.level.ServerPlayerGameMode/]: Mismatch in destroy block pos: BlockPos{x=-37, y=16, z=-171} BlockPos{x=-39, y=16, z=-170}
[26May2025 01:56:02.598] [Server thread/WARN] [net.minecraft.server.level.ServerPlayerGameMode/]: Mismatch in destroy block pos: BlockPos{x=-82, y=16, z=-189} BlockPos{x=-82, y=15, z=-190}
[26May2025 01:56:02.645] [Server thread/WARN] [net.minecraft.server.level.ServerPlayerGameMode/]: Mismatch in destroy block pos: BlockPos{x=-82, y=16, z=-189} BlockPos{x=-82, y=15, z=-190}
[26May2025 01:56:02.695] [Server thread/WARN] [net.minecraft.server.level.ServerPlayerGameMode/]: Mismatch in destroy block pos: BlockPos{x=-82, y=16, z=-189} BlockPos{x=-82, y=15, z=-190}
[26May2025 01:56:15.596] [Server thread/WARN] [net.minecraft.server.level.ServerPlayerGameMode/]: Mismatch in destroy block pos: BlockPos{x=-75, y=15, z=-204} BlockPos{x=-74, y=15, z=-205}
[26May2025 01:56:15.647] [Server thread/WARN] [net.minecraft.server.level.ServerPlayerGameMode/]: Mismatch in destroy block pos: BlockPos{x=-75, y=15, z=-204} BlockPos{x=-74, y=15, z=-205}
[26May2025 01:56:15.696] [Server thread/WARN] [net.minecraft.server.level.ServerPlayerGameMode/]: Mismatch in destroy block pos: BlockPos{x=-75, y=15, z=-204} BlockPos{x=-74, y=15, z=-205}
[26May2025 01:56:15.743] [Server thread/WARN] [net.minecraft.server.level.ServerPlayerGameMode/]: Mismatch in destroy block pos: BlockPos{x=-75, y=15, z=-204} BlockPos{x=-74, y=15, z=-205}
[26May2025 01:57:40.697] [Server thread/WARN] [net.minecraft.server.level.ServerPlayerGameMode/]: Mismatch in destroy block pos: BlockPos{x=-82, y=15, z=-211} BlockPos{x=-79, y=15, z=-212}
[26May2025 01:57:41.396] [Server thread/WARN] [net.minecraft.server.level.ServerPlayerGameMode/]: Mismatch in destroy block pos: BlockPos{x=-76, y=14, z=-209} BlockPos{x=-77, y=15, z=-212}
[26May2025 01:57:53.200] [Server thread/WARN] [net.minecraft.server.level.ServerPlayerGameMode/]: Mismatch in destroy block pos: BlockPos{x=-57, y=17, z=-209} BlockPos{x=-56, y=17, z=-209}
[26May2025 01:58:42.148] [Server thread/WARN] [net.minecraft.server.level.ServerPlayerGameMode/]: Mismatch in destroy block pos: BlockPos{x=-21, y=16, z=-198} BlockPos{x=-21, y=16, z=-196}
[26May2025 02:02:45.647] [Server thread/WARN] [net.minecraft.server.level.ServerPlayerGameMode/]: Mismatch in destroy block pos: BlockPos{x=121, y=7, z=-121} BlockPos{x=120, y=7, z=-121}
[26May2025 02:02:45.702] [Server thread/WARN] [net.minecraft.server.level.ServerPlayerGameMode/]: Mismatch in destroy block pos: BlockPos{x=121, y=7, z=-121} BlockPos{x=120, y=7, z=-121}
[26May2025 02:02:45.743] [Server thread/WARN] [net.minecraft.server.level.ServerPlayerGameMode/]: Mismatch in destroy block pos: BlockPos{x=122, y=6, z=-121} BlockPos{x=120, y=7, z=-121}
[26May2025 02:02:47.304] [Server thread/WARN] [net.minecraft.server.level.ServerPlayerGameMode/]: Mismatch in destroy block pos: BlockPos{x=122, y=7, z=-124} BlockPos{x=120, y=7, z=-121}
[26May2025 02:02:47.343] [Server thread/WARN] [net.minecraft.server.level.ServerPlayerGameMode/]: Mismatch in destroy block pos: BlockPos{x=121, y=6, z=-124} BlockPos{x=120, y=7, z=-121}
[26May2025 02:02:47.393] [Server thread/WARN] [net.minecraft.server.level.ServerPlayerGameMode/]: Mismatch in destroy block pos: BlockPos{x=121, y=6, z=-124} BlockPos{x=120, y=7, z=-121}
[26May2025 02:03:07.197] [Server thread/INFO] [net.minecraft.server.MinecraftServer/]: PandagamerP has made the advancement [Into Fire]
[26May2025 02:03:17.395] [Server thread/INFO] [net.minecraft.server.MinecraftServer/]: [Not Secure] <PandagamerP> bro
[26May2025 02:03:19.542] [Server thread/INFO] [net.minecraft.server.MinecraftServer/]: [Not Secure] <PandagamerP> conesta
[26May2025 02:03:26.794] [Server thread/INFO] [net.minecraft.server.MinecraftServer/]: [Not Secure] <Casti414> Me llamo mi mama
[26May2025 02:03:31.193] [Server thread/INFO] [net.minecraft.server.MinecraftServer/]: [Not Secure] <Casti414> Escribeme
[26May2025 02:03:45.995] [Server thread/INFO] [net.minecraft.server.MinecraftServer/]: PandagamerP has made the advancement [Listen Close]
[26May2025 02:04:19.104] [Server thread/INFO] [net.minecraft.server.players.PlayerList/]: MICHE019[/127.194.80.254:44041] logged in with entity id 37385 at (39.5, 80.0, -164.5)
[26May2025 02:04:19.123] [Server thread/INFO] [net.minecraft.server.MinecraftServer/]: MICHE019 joined the game
[26May2025 02:04:19.233] [Server thread/INFO] [Jade/]: Syncing config to MICHE019 (f83089a6-72a9-35fe-a6a5-d702e2e1c8bc)
[26May2025 02:07:53.902] [Server thread/WARN] [net.minecraft.server.level.ServerPlayerGameMode/]: Mismatch in destroy block pos: BlockPos{x=109, y=14, z=-148} BlockPos{x=109, y=13, z=-148}
[26May2025 02:07:53.951] [Server thread/WARN] [net.minecraft.server.level.ServerPlayerGameMode/]: Mismatch in destroy block pos: BlockPos{x=110, y=13, z=-148} BlockPos{x=109, y=13, z=-148}
[26May2025 02:07:53.997] [Server thread/WARN] [net.minecraft.server.level.ServerPlayerGameMode/]: Mismatch in destroy block pos: BlockPos{x=110, y=14, z=-148} BlockPos{x=109, y=13, z=-148}
[26May2025 02:07:54.052] [Server thread/WARN] [net.minecraft.server.level.ServerPlayerGameMode/]: Mismatch in destroy block pos: BlockPos{x=110, y=14, z=-148} BlockPos{x=109, y=13, z=-148}
[26May2025 02:09:01.592] [Server thread/WARN] [net.minecraft.server.level.ServerPlayerGameMode/]: Mismatch in destroy block pos: BlockPos{x=123, y=18, z=-193} BlockPos{x=122, y=17, z=-193}
[26May2025 02:10:03.495] [Server thread/WARN] [net.minecraft.server.level.ServerPlayerGameMode/]: Mismatch in destroy block pos: BlockPos{x=136, y=17, z=-301} BlockPos{x=135, y=17, z=-301}
[26May2025 02:10:59.097] [Server thread/WARN] [net.minecraft.server.level.ServerPlayerGameMode/]: Mismatch in destroy block pos: BlockPos{x=213, y=16, z=-364} BlockPos{x=214, y=16, z=-365}
[26May2025 02:10:59.147] [Server thread/WARN] [net.minecraft.server.level.ServerPlayerGameMode/]: Mismatch in destroy block pos: BlockPos{x=213, y=16, z=-364} BlockPos{x=214, y=16, z=-365}
[26May2025 02:10:59.201] [Server thread/WARN] [net.minecraft.server.level.ServerPlayerGameMode/]: Mismatch in destroy block pos: BlockPos{x=213, y=16, z=-364} BlockPos{x=214, y=16, z=-365}
[26May2025 02:10:59.252] [Server thread/WARN] [net.minecraft.server.level.ServerPlayerGameMode/]: Mismatch in destroy block pos: BlockPos{x=213, y=16, z=-364} BlockPos{x=214, y=16, z=-365}
[26May2025 02:10:59.299] [Server thread/WARN] [net.minecraft.server.level.ServerPlayerGameMode/]: Mismatch in destroy block pos: BlockPos{x=213, y=16, z=-364} BlockPos{x=214, y=16, z=-365}
[26May2025 02:12:17.204] [Server thread/INFO] [net.minecraft.server.MinecraftServer/]: MICHE019 has made the advancement [Stone Age]
[26May2025 02:13:26.002] [Server thread/INFO] [net.minecraft.server.MinecraftServer/]: MICHE019 has made the advancement [Getting an Upgrade]
[26May2025 02:13:32.881] [Server thread/INFO] [net.minecraft.server.players.PlayerList/]: Isaaac_173[/127.121.81.23:36903] logged in with entity id 54037 at (124.78476678314847, 144.0, -469.661358078349)
[26May2025 02:13:32.903] [Server thread/INFO] [net.minecraft.server.MinecraftServer/]: Isaaac_173 joined the game
[26May2025 02:13:33.037] [Server thread/INFO] [Jade/]: Syncing config to Isaaac_173 (5a9f8102-961e-3d36-ba9a-c7074b3f629e)
[26May2025 02:14:43.616] [Server thread/INFO] [net.minecraft.server.MinecraftServer/]: PandagamerP has made the advancement [The Dust Settles]
[26May2025 02:14:43.616] [Server thread/INFO] [net.minecraft.server.MinecraftServer/]: PandagamerP has made the advancement [Strange Biomes]
[26May2025 02:14:53.660] [Server thread/WARN] [net.minecraft.server.level.ServerPlayerGameMode/]: Mismatch in destroy block pos: BlockPos{x=301, y=18, z=-527} BlockPos{x=303, y=16, z=-526}
[26May2025 02:14:53.712] [Server thread/WARN] [net.minecraft.server.level.ServerPlayerGameMode/]: Mismatch in destroy block pos: BlockPos{x=303, y=16, z=-525} BlockPos{x=303, y=16, z=-526}
[26May2025 02:14:53.764] [Server thread/WARN] [net.minecraft.server.level.ServerPlayerGameMode/]: Mismatch in destroy block pos: BlockPos{x=303, y=17, z=-525} BlockPos{x=303, y=16, z=-526}
[26May2025 02:14:53.813] [Server thread/WARN] [net.minecraft.server.level.ServerPlayerGameMode/]: Mismatch in destroy block pos: BlockPos{x=303, y=17, z=-525} BlockPos{x=303, y=16, z=-526}
[26May2025 02:14:53.859] [Server thread/WARN] [net.minecraft.server.level.ServerPlayerGameMode/]: Mismatch in destroy block pos: BlockPos{x=304, y=16, z=-525} BlockPos{x=303, y=16, z=-526}
[26May2025 02:14:53.910] [Server thread/WARN] [net.minecraft.server.level.ServerPlayerGameMode/]: Mismatch in destroy block pos: BlockPos{x=304, y=16, z=-525} BlockPos{x=303, y=16, z=-526}
[26May2025 02:14:53.960] [Server thread/WARN] [net.minecraft.server.level.ServerPlayerGameMode/]: Mismatch in destroy block pos: BlockPos{x=304, y=16, z=-525} BlockPos{x=303, y=16, z=-526}
[26May2025 02:14:54.010] [Server thread/WARN] [net.minecraft.server.level.ServerPlayerGameMode/]: Mismatch in destroy block pos: BlockPos{x=304, y=16, z=-524} BlockPos{x=303, y=16, z=-526}
[26May2025 02:15:58.756] [Server thread/INFO] [net.minecraft.world.entity.LivingEntity/]: Named entity Slime['Toxic Slime'/57851, l='ServerLevel[AAAA]', x=257.05, y=84.00, z=-481.90] died: Toxic Slime fell from a high place
[26May2025 02:16:17.058] [Server thread/INFO] [net.minecraft.world.entity.LivingEntity/]: Named entity Slime['Toxic Slime'/57954, l='ServerLevel[AAAA]', x=196.65, y=74.00, z=-548.53] died: Toxic Slime fell from a high place
[26May2025 02:16:24.253] [Server thread/INFO] [net.minecraft.world.entity.LivingEntity/]: Named entity Slime['Toxic Slime'/57769, l='ServerLevel[AAAA]', x=252.51, y=64.00, z=-481.45] died: Toxic Slime fell from a high place
[26May2025 02:16:46.714] [Server thread/INFO] [net.minecraft.world.entity.LivingEntity/]: Named entity Slime['Toxic Slime'/58085, l='ServerLevel[AAAA]', x=272.48, y=70.88, z=-472.80] died: Toxic Slime fell from a high place
[26May2025 02:16:52.629] [Server thread/INFO] [net.minecraft.world.entity.LivingEntity/]: Named entity Slime['Toxic Slime'/58456, l='ServerLevel[AAAA]', x=267.34, y=103.00, z=-491.58] died: Toxic Slime fell from a high place
[26May2025 02:17:07.605] [Server thread/INFO] [net.minecraft.server.MinecraftServer/]: PandagamerP has made the advancement [Radioactive]
[26May2025 02:17:11.957] [Server thread/WARN] [net.minecraft.server.level.ServerPlayerGameMode/]: Mismatch in destroy block pos: BlockPos{x=287, y=67, z=-511} BlockPos{x=288, y=68, z=-513}
[26May2025 02:17:44.258] [Server thread/INFO] [net.minecraft.server.MinecraftServer/]: [Not Secure] <Isaaac_173> casti
[26May2025 02:17:53.003] [Server thread/INFO] [net.minecraft.server.MinecraftServer/]: [Not Secure] <Isaaac_173> mordecai se comio a rigby xd
[26May2025 02:18:06.156] [Server thread/INFO] [net.minecraft.world.entity.LivingEntity/]: Named entity Slime['Toxic Slime'/60185, l='ServerLevel[AAAA]', x=159.17, y=59.00, z=-490.13] died: Toxic Slime fell from a high place
[26May2025 02:18:14.207] [Server thread/INFO] [net.minecraft.server.MinecraftServer/]: PandagamerP has made the advancement [Nightmare Fuel]
[26May2025 02:18:17.694] [Server thread/INFO] [net.minecraft.world.entity.LivingEntity/]: Named entity Slime['Toxic Slime'/57974, l='ServerLevel[AAAA]', x=223.19, y=93.00, z=-482.95] died: Toxic Slime fell from a high place
[26May2025 02:18:46.206] [Server thread/INFO] [net.minecraft.world.entity.LivingEntity/]: Named entity Slime['Toxic Slime'/60559, l='ServerLevel[AAAA]', x=207.35, y=35.00, z=-576.79] died: Toxic Slime fell from a high place
[26May2025 02:19:16.151] [Server thread/INFO] [net.minecraft.server.MinecraftServer/]: [Not Secure] <Isaaac_173> pasame el waypoint
[26May2025 02:19:44.152] [Server thread/INFO] [net.minecraft.world.entity.LivingEntity/]: Named entity Slime['Toxic Slime'/61526, l='ServerLevel[AAAA]', x=202.17, y=37.00, z=-717.63] died: Toxic Slime fell from a high place
[26May2025 02:19:46.546] [Server thread/INFO] [net.minecraft.world.entity.LivingEntity/]: Named entity Slime['Toxic Slime'/61527, l='ServerLevel[AAAA]', x=148.11, y=79.00, z=-693.10] died: Toxic Slime fell from a high place
[26May2025 02:19:50.722] [Server thread/INFO] [net.minecraft.server.MinecraftServer/]: PandagamerP has made the advancement [Those Were the Days]
[26May2025 02:19:51.464] [Server thread/INFO] [net.minecraft.server.MinecraftServer/]: MICHE019 has made the advancement [Acquire Hardware]
[26May2025 02:20:05.401] [Server thread/INFO] [net.minecraft.world.entity.LivingEntity/]: Named entity Slime['Toxic Slime'/61793, l='ServerLevel[AAAA]', x=151.99, y=67.00, z=-669.13] died: Toxic Slime fell from a high place
[26May2025 02:20:09.401] [Server thread/INFO] [net.minecraft.world.entity.LivingEntity/]: Named entity Slime['Toxic Slime'/61794, l='ServerLevel[AAAA]', x=141.53, y=61.00, z=-664.13] died: Toxic Slime fell from a high place
[26May2025 02:20:13.644] [Server thread/INFO] [net.minecraft.world.entity.LivingEntity/]: Named entity Slime['Toxic Slime'/61792, l='ServerLevel[AAAA]', x=193.60, y=79.00, z=-675.72] died: Toxic Slime fell from a high place
[26May2025 02:20:16.598] [Server thread/INFO] [net.minecraft.world.entity.LivingEntity/]: Named entity Slime['Toxic Slime'/61791, l='ServerLevel[AAAA]', x=157.67, y=79.00, z=-688.62] died: Toxic Slime fell from a high place
[26May2025 02:20:47.800] [Server thread/INFO] [net.minecraft.server.MinecraftServer/]: PandagamerP has made the advancement [War Pigs]
[26May2025 02:21:21.948] [Server thread/INFO] [net.minecraft.server.MinecraftServer/]: MICHE019 has made the advancement [Isn't It Iron Pick]
[26May2025 02:22:01.413] [Server thread/INFO] [net.minecraft.server.MinecraftServer/]: Isaaac_173 has made the advancement [We Need to Go Deeper]
[26May2025 02:22:01.413] [Server thread/INFO] [net.minecraft.server.MinecraftServer/]: Isaaac_173 has made the advancement [Incendium]
[26May2025 02:22:08.473] [Server thread/INFO] [net.minecraft.world.entity.LivingEntity/]: Named entity Slime['Toxic Slime'/62861, l='ServerLevel[AAAA]', x=159.81, y=32.00, z=-644.38] died: Toxic Slime fell from a high place
[26May2025 02:22:37.469] [Server thread/INFO] [net.minecraft.world.entity.LivingEntity/]: Named entity Slime['Toxic Slime'/63674, l='ServerLevel[AAAA]', x=179.78, y=76.00, z=-671.36] died: Toxic Slime fell from a high place
[26May2025 02:22:37.909] [Server thread/INFO] [net.minecraft.server.MinecraftServer/]: MICHE019 has made the advancement [Suit Up]
[26May2025 02:22:39.863] [Server thread/INFO] [net.minecraft.world.entity.LivingEntity/]: Named entity Slime['Toxic Slime'/63672, l='ServerLevel[AAAA]', x=187.18, y=75.00, z=-663.31] died: Toxic Slime fell from a high place
[26May2025 02:26:11.691] [Server thread/INFO] [net.minecraft.world.entity.LivingEntity/]: Named entity Slime['Toxic Slime'/65466, l='ServerLevel[AAAA]', x=180.30, y=32.00, z=-739.02] died: Toxic Slime fell from a high place
[26May2025 02:26:32.699] [Server thread/INFO] [net.minecraft.server.players.PlayerList/]: BgodYT[/127.197.63.191:49747] logged in with entity id 65876 at (25.5, 73.0, -161.5)
[26May2025 02:26:32.720] [Server thread/INFO] [net.minecraft.server.MinecraftServer/]: BgodYT joined the game
[26May2025 02:26:32.830] [Server thread/INFO] [Jade/]: Syncing config to BgodYT (1c229215-0b7b-38ec-9abe-86a230eede90)
[26May2025 02:26:44.554] [Server thread/INFO] [net.minecraft.server.MinecraftServer/]: BgodYT has made the advancement [Alex's Mobs]
[26May2025 02:26:53.501] [Server thread/INFO] [net.minecraft.world.entity.LivingEntity/]: Named entity Slime['Toxic Slime'/66114, l='ServerLevel[AAAA]', x=201.65, y=76.00, z=-668.77] died: Toxic Slime fell from a high place
[26May2025 02:27:00.453] [Server thread/INFO] [net.minecraft.server.MinecraftServer/]: [PandagamerP: Made ModelOsprey no longer a server operator]
[26May2025 02:27:09.670] [Server thread/INFO] [net.minecraft.server.commands.LocateCommand/]: Locating element minecraft:bastion_remnant took 15 ms
[26May2025 02:27:12.099] [Server thread/WARN] [net.minecraft.server.level.ServerPlayerGameMode/]: Mismatch in destroy block pos: BlockPos{x=0, y=0, z=0} BlockPos{x=24, y=75, z=-164}
[26May2025 02:27:12.351] [Server thread/WARN] [net.minecraft.server.level.ServerPlayerGameMode/]: Mismatch in destroy block pos: BlockPos{x=0, y=0, z=0} BlockPos{x=24, y=75, z=-164}
[26May2025 02:27:12.551] [Server thread/WARN] [net.minecraft.server.level.ServerPlayerGameMode/]: Mismatch in destroy block pos: BlockPos{x=0, y=0, z=0} BlockPos{x=24, y=75, z=-164}
[26May2025 02:27:14.457] [Server thread/WARN] [net.minecraft.server.level.ServerPlayerGameMode/]: Mismatch in destroy block pos: BlockPos{x=0, y=0, z=0} BlockPos{x=24, y=75, z=-164}
[26May2025 02:27:40.449] [Server thread/INFO] [net.minecraft.world.entity.LivingEntity/]: Named entity Slime['Toxic Slime'/66555, l='ServerLevel[AAAA]', x=176.01, y=32.00, z=-664.48] died: Toxic Slime fell from a high place
[26May2025 02:28:03.467] [Server thread/INFO] [net.minecraft.world.entity.LivingEntity/]: Named entity Slime['Toxic Slime'/66826, l='ServerLevel[AAAA]', x=116.34, y=57.00, z=-680.66] died: Toxic Slime fell from a high place
[26May2025 02:28:05.134] [Server thread/INFO] [net.minecraft.world.entity.LivingEntity/]: Named entity Slime['Toxic Slime'/65420, l='ServerLevel[AAAA]', x=183.64, y=-20.00, z=-752.04] died: Toxic Slime was killed
[26May2025 02:28:10.631] [Server thread/INFO] [net.minecraft.world.entity.LivingEntity/]: Named entity Slime['Toxic Slime'/67270, l='ServerLevel[AAAA]', x=141.53, y=82.00, z=-700.63] died: Toxic Slime fell from a high place
[26May2025 02:28:13.578] [Server thread/INFO] [net.minecraft.world.entity.LivingEntity/]: Named entity Slime['Toxic Slime'/67271, l='ServerLevel[AAAA]', x=182.37, y=76.00, z=-673.80] died: Toxic Slime fell from a high place
[26May2025 02:28:17.188] [Server thread/INFO] [net.minecraft.world.entity.LivingEntity/]: Named entity Slime['Toxic Slime'/67304, l='ServerLevel[AAAA]', x=94.47, y=63.00, z=-634.35] died: Toxic Slime fell from a high place
[26May2025 02:28:38.282] [Server thread/INFO] [net.minecraft.world.entity.LivingEntity/]: Named entity Slime['Toxic Slime'/67882, l='ServerLevel[AAAA]', x=190.08, y=32.00, z=-656.29] died: Toxic Slime fell from a high place
[26May2025 02:28:45.530] [Server thread/INFO] [net.minecraft.world.entity.LivingEntity/]: Named entity Slime['Toxic Slime'/67305, l='ServerLevel[AAAA]', x=101.51, y=66.00, z=-623.73] died: Toxic Slime fell from a high place
[26May2025 02:28:54.972] [Server thread/INFO] [net.minecraft.world.entity.LivingEntity/]: Named entity Slime['Toxic Slime'/68147, l='ServerLevel[AAAA]', x=201.50, y=36.00, z=-716.33] died: Toxic Slime fell from a high place
[26May2025 02:28:56.531] [Server thread/INFO] [net.minecraft.world.entity.LivingEntity/]: Named entity Slime['Toxic Slime'/67988, l='ServerLevel[AAAA]', x=113.49, y=34.00, z=-733.06] died: Toxic Slime fell from a high place
[26May2025 02:28:57.020] [Server thread/INFO] [net.minecraft.world.entity.LivingEntity/]: Named entity Slime['Toxic Slime'/68146, l='ServerLevel[AAAA]', x=206.13, y=80.00, z=-711.43] died: Toxic Slime fell from a high place
[26May2025 02:28:59.780] [Server thread/INFO] [net.minecraft.world.entity.LivingEntity/]: Named entity Slime['Toxic Slime'/68212, l='ServerLevel[AAAA]', x=89.74, y=43.00, z=-783.87] died: Toxic Slime fell from a high place
[26May2025 02:29:04.529] [Server thread/INFO] [net.minecraft.world.entity.LivingEntity/]: Named entity Slime['Toxic Slime'/68287, l='ServerLevel[AAAA]', x=172.93, y=74.00, z=-751.90] died: Toxic Slime fell from a high place
[26May2025 02:29:06.923] [Server thread/INFO] [net.minecraft.server.MinecraftServer/]: PandagamerP has made the advancement [Toxic Personality]
[26May2025 02:29:07.169] [Server thread/INFO] [net.minecraft.world.entity.LivingEntity/]: Named entity Slime['Toxic Slime'/67631, l='ServerLevel[AAAA]', x=144.09, y=81.00, z=-725.81] died: Toxic Slime was slain by PandagamerP
[26May2025 02:29:07.485] [Server thread/INFO] [net.minecraft.world.entity.LivingEntity/]: Named entity Slime['Toxic Slime'/68148, l='ServerLevel[AAAA]', x=202.74, y=74.00, z=-709.84] died: Toxic Slime fell from a high place
[26May2025 02:29:12.812] [Server thread/INFO] [net.minecraft.world.entity.LivingEntity/]: Named entity Slime['Toxic Slime'/68149, l='ServerLevel[AAAA]', x=183.16, y=75.00, z=-667.90] died: Toxic Slime fell from a high place
[26May2025 02:29:14.013] [Server thread/INFO] [net.minecraft.world.entity.LivingEntity/]: Named entity Slime['Toxic Slime'/68263, l='ServerLevel[AAAA]', x=126.85, y=32.00, z=-743.54] died: Toxic Slime fell from a high place
[26May2025 02:29:24.140] [Server thread/INFO] [net.minecraft.world.entity.LivingEntity/]: Named entity Slime['Toxic Slime'/68233, l='ServerLevel[AAAA]', x=198.97, y=32.00, z=-657.86] died: Toxic Slime fell from a high place
[26May2025 02:29:28.746] [Server thread/INFO] [net.minecraft.world.entity.LivingEntity/]: Named entity Slime['Toxic Slime'/68290, l='ServerLevel[AAAA]', x=112.50, y=31.00, z=-689.25] died: Toxic Slime fell from a high place
[26May2025 02:29:30.169] [Server thread/INFO] [net.minecraft.world.entity.LivingEntity/]: Named entity Slime['Toxic Slime'/68291, l='ServerLevel[AAAA]', x=210.74, y=45.00, z=-720.09] died: Toxic Slime fell from a high place
[26May2025 02:29:31.040] [Server thread/INFO] [net.minecraft.world.entity.LivingEntity/]: Named entity Slime['Toxic Slime'/66832, l='ServerLevel[AAAA]', x=108.77, y=59.00, z=-670.62] died: Toxic Slime fell from a high place
[26May2025 02:29:53.225] [Server thread/WARN] [net.minecraft.server.MinecraftServer/]: Can't keep up! Is the server overloaded? Running 2009ms or 40 ticks behind
[26May2025 02:30:02.417] [Server thread/INFO] [net.minecraft.world.entity.LivingEntity/]: Named entity Slime['Toxic Slime'/69166, l='ServerLevel[AAAA]', x=168.33, y=29.00, z=-636.84] died: Toxic Slime fell from a high place
[26May2025 02:30:02.606] [Server thread/INFO] [net.minecraft.world.entity.LivingEntity/]: Named entity Slime['Toxic Slime'/69135, l='ServerLevel[AAAA]', x=116.14, y=31.00, z=-688.58] died: Toxic Slime fell from a high place
[26May2025 02:30:07.730] [Server thread/INFO] [net.minecraft.world.entity.LivingEntity/]: Named entity Slime['Toxic Slime'/69183, l='ServerLevel[AAAA]', x=216.16, y=36.00, z=-656.87] died: Toxic Slime fell from a high place
[26May2025 02:30:11.128] [Server thread/WARN] [net.minecraft.server.MinecraftServer/]: Can't keep up! Is the server overloaded? Running 2913ms or 58 ticks behind
[26May2025 02:30:30.021] [Server thread/WARN] [net.minecraft.server.MinecraftServer/]: Can't keep up! Is the server overloaded? Running 2005ms or 40 ticks behind
[26May2025 02:30:49.122] [Server thread/WARN] [net.minecraft.server.MinecraftServer/]: Can't keep up! Is the server overloaded? Running 4106ms or 82 ticks behind
[26May2025 02:31:09.686] [Server thread/WARN] [net.minecraft.server.MinecraftServer/]: Can't keep up! Is the server overloaded? Running 2520ms or 50 ticks behind
[26May2025 02:31:12.278] [Server thread/INFO] [net.minecraft.world.entity.LivingEntity/]: Named entity Slime['Toxic Slime'/69987, l='ServerLevel[AAAA]', x=127.47, y=31.00, z=-697.48] died: Toxic Slime fell from a high place
[26May2025 02:31:22.933] [Server thread/INFO] [net.minecraft.server.MinecraftServer/]: MICHE019 has reached the goal [Hunted]
[26May2025 02:31:28.909] [Server thread/INFO] [net.minecraft.world.entity.LivingEntity/]: Named entity Slime['Toxic Slime'/69386, l='ServerLevel[AAAA]', x=213.74, y=40.00, z=-703.33] died: Toxic Slime fell from a high place
[26May2025 02:31:29.195] [Server thread/WARN] [net.minecraft.server.MinecraftServer/]: Can't keep up! Is the server overloaded? Running 4529ms or 90 ticks behind
[26May2025 02:31:46.412] [Server thread/WARN] [net.minecraft.server.MinecraftServer/]: Can't keep up! Is the server overloaded? Running 2247ms or 44 ticks behind
[26May2025 02:31:58.764] [Server thread/INFO] [net.minecraft.world.entity.LivingEntity/]: Named entity Slime['Toxic Slime'/70278, l='ServerLevel[AAAA]', x=198.69, y=32.00, z=-662.68] died: Toxic Slime fell from a high place
[26May2025 02:32:03.836] [Server thread/WARN] [net.minecraft.server.MinecraftServer/]: Can't keep up! Is the server overloaded? Running 2470ms or 49 ticks behind
[26May2025 02:32:20.234] [Server thread/INFO] [net.minecraft.server.network.ServerGamePacketListenerImpl/]: MICHE019 lost connection: Disconnected
[26May2025 02:32:20.235] [Server thread/INFO] [net.minecraft.server.MinecraftServer/]: MICHE019 left the game
[26May2025 02:32:21.539] [Server thread/INFO] [net.minecraft.world.entity.LivingEntity/]: Named entity Slime['Toxic Slime'/70815, l='ServerLevel[AAAA]', x=123.89, y=32.00, z=-736.26] died: Toxic Slime fell from a high place
[26May2025 02:32:22.339] [Server thread/WARN] [net.minecraft.server.MinecraftServer/]: Can't keep up! Is the server overloaded? Running 3524ms or 70 ticks behind
[26May2025 02:32:34.337] [Server thread/INFO] [net.minecraft.server.players.PlayerList/]: MICHE019[/127.194.80.254:55927] logged in with entity id 70935 at (271.19448115468623, 105.0, -825.3000000119209)
[26May2025 02:32:34.357] [Server thread/INFO] [net.minecraft.server.MinecraftServer/]: MICHE019 joined the game
[26May2025 02:32:34.437] [Server thread/INFO] [Jade/]: Syncing config to MICHE019 (f83089a6-72a9-35fe-a6a5-d702e2e1c8bc)
[26May2025 02:32:35.896] [Server thread/INFO] [net.minecraft.world.entity.LivingEntity/]: Named entity Slime['Toxic Slime'/70859, l='ServerLevel[AAAA]', x=208.64, y=33.00, z=-701.72] died: Toxic Slime fell from a high place
[26May2025 02:32:45.925] [Server thread/WARN] [net.minecraft.server.MinecraftServer/]: Can't keep up! Is the server overloaded? Running 2009ms or 40 ticks behind
[26May2025 02:32:48.695] [Server thread/INFO] [net.minecraft.world.entity.LivingEntity/]: Named entity Slime['Toxic Slime'/71205, l='ServerLevel[AAAA]', x=137.70, y=28.00, z=-631.44] died: Toxic Slime fell from a high place
[26May2025 02:33:03.345] [Server thread/INFO] [net.minecraft.world.entity.LivingEntity/]: Named entity Slime['Toxic Slime'/70917, l='ServerLevel[AAAA]', x=186.00, y=32.00, z=-641.77] died: Toxic Slime fell from a high place
[26May2025 02:33:04.891] [Server thread/WARN] [net.minecraft.server.MinecraftServer/]: Can't keep up! Is the server overloaded? Running 3976ms or 79 ticks behind
[26May2025 02:33:10.333] [Server thread/INFO] [net.minecraft.world.entity.LivingEntity/]: Named entity Slime['Toxic Slime'/71250, l='ServerLevel[AAAA]', x=191.26, y=75.00, z=-668.10] died: Toxic Slime fell from a high place
[26May2025 02:33:16.956] [Server thread/INFO] [net.minecraft.world.entity.LivingEntity/]: Named entity Slime['Toxic Slime'/71497, l='ServerLevel[AAAA]', x=150.19, y=32.00, z=-657.37] died: Toxic Slime fell from a high place
[26May2025 02:33:18.458] [Server thread/INFO] [net.minecraft.world.entity.LivingEntity/]: Named entity Slime['Toxic Slime'/71565, l='ServerLevel[AAAA]', x=153.60, y=31.00, z=-615.12] died: Toxic Slime fell from a high place
[26May2025 02:33:21.966] [Server thread/WARN] [net.minecraft.server.MinecraftServer/]: Can't keep up! Is the server overloaded? Running 2001ms or 40 ticks behind
[26May2025 02:33:40.472] [Server thread/INFO] [net.minecraft.server.MinecraftServer/]: MICHE019 fell from a high place
[26May2025 02:33:40.474] [Server thread/INFO] [com.lothrazar.simpletomb.ModTomb/]: simpletomb.message.new_grave(191, 71, -850) minecraft:overworld
[26May2025 02:33:41.779] [Server thread/WARN] [net.minecraft.server.MinecraftServer/]: Can't keep up! Is the server overloaded? Running 4813ms or 96 ticks behind
[26May2025 02:33:48.450] [Server thread/INFO] [net.minecraft.world.entity.LivingEntity/]: Named entity Slime['Toxic Slime'/71566, l='ServerLevel[AAAA]', x=226.72, y=63.00, z=-534.37] died: Toxic Slime fell from a high place
[26May2025 02:33:56.231] [Server thread/INFO] [net.minecraft.world.entity.LivingEntity/]: Named entity Slime['Toxic Slime'/72174, l='ServerLevel[AAAA]', x=217.71, y=123.00, z=-498.31] died: Toxic Slime fell from a high place
[26May2025 02:33:58.952] [Server thread/INFO] [net.minecraft.world.entity.LivingEntity/]: Named entity Slime['Toxic Slime'/72152, l='ServerLevel[AAAA]', x=138.13, y=31.00, z=-551.91] died: Toxic Slime fell from a high place
[26May2025 02:34:09.972] [Server thread/WARN] [net.minecraft.server.MinecraftServer/]: Can't keep up! Is the server overloaded? Running 2006ms or 40 ticks behind
[26May2025 02:34:36.681] [Server thread/WARN] [net.minecraft.server.level.ServerPlayerGameMode/]: Mismatch in destroy block pos: BlockPos{x=14, y=74, z=-163} BlockPos{x=24, y=73, z=-175}
[26May2025 02:34:36.914] [Server thread/WARN] [net.minecraft.server.level.ServerPlayerGameMode/]: Mismatch in destroy block pos: BlockPos{x=14, y=74, z=-163} BlockPos{x=25, y=74, z=-175}
[26May2025 02:34:36.962] [Server thread/WARN] [net.minecraft.server.level.ServerPlayerGameMode/]: Mismatch in destroy block pos: BlockPos{x=14, y=74, z=-163} BlockPos{x=25, y=74, z=-174}
[26May2025 02:34:37.358] [Server thread/WARN] [net.minecraft.server.level.ServerPlayerGameMode/]: Mismatch in destroy block pos: BlockPos{x=14, y=74, z=-163} BlockPos{x=24, y=73, z=-174}
[26May2025 02:34:46.784] [Server thread/WARN] [net.minecraft.server.level.ServerPlayerGameMode/]: Mismatch in destroy block pos: BlockPos{x=14, y=74, z=-163} BlockPos{x=25, y=74, z=-176}
[26May2025 02:34:46.830] [Server thread/WARN] [net.minecraft.server.level.ServerPlayerGameMode/]: Mismatch in destroy block pos: BlockPos{x=14, y=74, z=-163} BlockPos{x=25, y=74, z=-175}
[26May2025 02:34:46.889] [Server thread/WARN] [net.minecraft.server.level.ServerPlayerGameMode/]: Mismatch in destroy block pos: BlockPos{x=14, y=74, z=-163} BlockPos{x=24, y=73, z=-175}
[26May2025 02:34:48.165] [Server thread/WARN] [net.minecraft.server.level.ServerPlayerGameMode/]: Mismatch in destroy block pos: BlockPos{x=14, y=74, z=-163} BlockPos{x=24, y=73, z=-174}
[26May2025 02:34:48.214] [Server thread/WARN] [net.minecraft.server.level.ServerPlayerGameMode/]: Mismatch in destroy block pos: BlockPos{x=14, y=74, z=-163} BlockPos{x=24, y=73, z=-175}
[26May2025 02:34:48.351] [Server thread/WARN] [net.minecraft.server.level.ServerPlayerGameMode/]: Mismatch in destroy block pos: BlockPos{x=14, y=74, z=-163} BlockPos{x=24, y=73, z=-175}
[26May2025 02:34:48.398] [Server thread/WARN] [net.minecraft.server.level.ServerPlayerGameMode/]: Mismatch in destroy block pos: BlockPos{x=14, y=74, z=-163} BlockPos{x=25, y=74, z=-175}
[26May2025 02:34:49.541] [Server thread/INFO] [net.minecraft.world.entity.LivingEntity/]: Named entity Slime['Toxic Slime'/73160, l='ServerLevel[AAAA]', x=152.29, y=64.00, z=-514.53] died: Toxic Slime fell from a high place
[26May2025 02:34:50.297] [Server thread/WARN] [net.minecraft.server.level.ServerPlayerGameMode/]: Mismatch in destroy block pos: BlockPos{x=14, y=74, z=-163} BlockPos{x=24, y=73, z=-174}
[26May2025 02:34:50.485] [Server thread/WARN] [net.minecraft.server.level.ServerPlayerGameMode/]: Mismatch in destroy block pos: BlockPos{x=14, y=74, z=-163} BlockPos{x=24, y=73, z=-175}
[26May2025 02:34:50.670] [Server thread/WARN] [net.minecraft.server.level.ServerPlayerGameMode/]: Mismatch in destroy block pos: BlockPos{x=14, y=74, z=-163} BlockPos{x=24, y=73, z=-175}
[26May2025 02:34:50.862] [Server thread/WARN] [net.minecraft.server.level.ServerPlayerGameMode/]: Mismatch in destroy block pos: BlockPos{x=14, y=74, z=-163} BlockPos{x=24, y=73, z=-175}
[26May2025 02:34:52.674] [Server thread/INFO] [net.minecraft.world.entity.LivingEntity/]: Named entity Slime['Toxic Slime'/73519, l='ServerLevel[AAAA]', x=120.96, y=63.00, z=-456.33] died: Toxic Slime fell from a high place
[26May2025 02:34:58.051] [Server thread/WARN] [net.minecraft.server.level.ServerPlayerGameMode/]: Mismatch in destroy block pos: BlockPos{x=14, y=74, z=-163} BlockPos{x=25, y=74, z=-175}
[26May2025 02:34:58.103] [Server thread/WARN] [net.minecraft.server.level.ServerPlayerGameMode/]: Mismatch in destroy block pos: BlockPos{x=14, y=74, z=-163} BlockPos{x=25, y=74, z=-176}
[26May2025 02:34:58.254] [Server thread/WARN] [net.minecraft.server.level.ServerPlayerGameMode/]: Mismatch in destroy block pos: BlockPos{x=14, y=74, z=-163} BlockPos{x=24, y=73, z=-176}
[26May2025 02:34:58.305] [Server thread/WARN] [net.minecraft.server.level.ServerPlayerGameMode/]: Mismatch in destroy block pos: BlockPos{x=14, y=74, z=-163} BlockPos{x=24, y=73, z=-175}
[26May2025 02:35:03.657] [Server thread/WARN] [net.minecraft.server.level.ServerPlayerGameMode/]: Mismatch in destroy block pos: BlockPos{x=14, y=74, z=-163} BlockPos{x=24, y=73, z=-174}
[26May2025 02:35:03.700] [Server thread/WARN] [net.minecraft.server.level.ServerPlayerGameMode/]: Mismatch in destroy block pos: BlockPos{x=14, y=74, z=-163} BlockPos{x=25, y=74, z=-174}
[26May2025 02:35:03.855] [Server thread/WARN] [net.minecraft.server.level.ServerPlayerGameMode/]: Mismatch in destroy block pos: BlockPos{x=14, y=74, z=-163} BlockPos{x=25, y=74, z=-175}
[26May2025 02:35:04.006] [Server thread/WARN] [net.minecraft.server.level.ServerPlayerGameMode/]: Mismatch in destroy block pos: BlockPos{x=14, y=74, z=-163} BlockPos{x=25, y=74, z=-175}
[26May2025 02:37:34.503] [Server thread/WARN] [net.minecraft.server.level.ServerPlayerGameMode/]: Mismatch in destroy block pos: BlockPos{x=13, y=74, z=-176} BlockPos{x=25, y=73, z=-173}
[26May2025 02:37:35.612] [Server thread/WARN] [net.minecraft.server.level.ServerPlayerGameMode/]: Mismatch in destroy block pos: BlockPos{x=13, y=74, z=-176} BlockPos{x=25, y=73, z=-173}
[26May2025 02:37:35.660] [Server thread/WARN] [net.minecraft.server.level.ServerPlayerGameMode/]: Mismatch in destroy block pos: BlockPos{x=13, y=74, z=-176} BlockPos{x=25, y=73, z=-173}
[26May2025 02:38:20.517] [Server thread/WARN] [net.minecraft.server.MinecraftServer/]: Can't keep up! Is the server overloaded? Running 2002ms or 40 ticks behind
[26May2025 02:38:54.466] [Server thread/WARN] [net.minecraft.server.MinecraftServer/]: Can't keep up! Is the server overloaded? Running 2001ms or 40 ticks behind
[26May2025 02:38:57.399] [Server thread/INFO] [net.minecraft.server.MinecraftServer/]: BgodYT has made the advancement [Stone Age]
[26May2025 02:39:29.746] [Server thread/INFO] [net.minecraft.server.MinecraftServer/]: BgodYT has made the advancement [Getting an Upgrade]
[26May2025 02:39:48.487] [Server thread/INFO] [com.tiviacz.travelersbackpack.TravelersBackpack/]: Created new backpack backup file for PandagamerP with unique ID 55fc198f-289f-40b4-8f54-5a15d90b7a02
[26May2025 02:39:48.488] [Server thread/INFO] [com.tiviacz.travelersbackpack.TravelersBackpack/]: Your backpack has been placed at X: 91 Y: 71 Z: -93
[26May2025 02:39:48.489] [Server thread/INFO] [net.minecraft.server.MinecraftServer/]: PandagamerP was slain by Piglin
[26May2025 02:39:48.492] [Server thread/INFO] [com.lothrazar.simpletomb.ModTomb/]: simpletomb.message.new_grave(91, 71, -94) minecraft:the_nether
[26May2025 02:39:51.310] [Server thread/INFO] [com.tiviacz.travelersbackpack.TravelersBackpack/]: Created new backpack backup file for Isaaac_173 with unique ID cf4aca12-4666-4b6c-ae3a-85fb3488d382
[26May2025 02:39:51.311] [Server thread/INFO] [com.tiviacz.travelersbackpack.TravelersBackpack/]: Your backpack has been placed at X: 64 Y: 97 Z: -122
[26May2025 02:39:51.312] [Server thread/INFO] [net.minecraft.server.MinecraftServer/]: Isaaac_173 was slain by Piglin
[26May2025 02:39:51.314] [Server thread/INFO] [com.lothrazar.simpletomb.ModTomb/]: simpletomb.message.new_grave(67, 95, -121) minecraft:the_nether
[26May2025 02:42:17.898] [Server thread/INFO] [net.minecraft.server.MinecraftServer/]: PandagamerP fell from a high place
[26May2025 02:42:55.616] [Server thread/INFO] [net.minecraft.server.MinecraftServer/]: PandagamerP fell from a high place
[26May2025 02:42:55.618] [Server thread/INFO] [com.lothrazar.simpletomb.ModTomb/]: simpletomb.message.new_grave(62, 45, -91) minecraft:the_nether
[26May2025 02:43:56.901] [Server thread/INFO] [com.lothrazar.simpletomb.ModTomb/]: 0 result 0 air
[26May2025 02:43:56.901] [Server thread/INFO] [com.lothrazar.simpletomb.ModTomb/]: 0 result 1 chainmail_gloves
[26May2025 02:44:20.910] [Server thread/INFO] [net.minecraft.server.players.PlayerList/]: xZ3r0kx[/127.56.156.83:53207] logged in with entity id 85550 at (23.5, 82.0, -164.5)
[26May2025 02:44:20.930] [Server thread/INFO] [net.minecraft.server.MinecraftServer/]: xZ3r0kx joined the game
[26May2025 02:44:21.091] [Server thread/INFO] [Jade/]: Syncing config to xZ3r0kx (b262c7ac-a841-3c17-86a8-5600b971dc2c)
[26May2025 02:46:32.062] [Server thread/INFO] [net.minecraft.server.MinecraftServer/]: Isaaac_173 has made the advancement [Downer]
[26May2025 02:46:32.464] [Server thread/INFO] [net.minecraft.server.MinecraftServer/]: PandagamerP fell from a high place
[26May2025 02:46:32.466] [Server thread/INFO] [com.lothrazar.simpletomb.ModTomb/]: simpletomb.message.new_grave(63, 32, -94) minecraft:the_nether
[26May2025 02:48:01.762] [Server thread/INFO] [net.minecraft.server.MinecraftServer/]: xZ3r0kx has made the advancement [Alex's Mobs]
[26May2025 02:48:18.205] [Server thread/WARN] [net.minecraft.server.level.ServerPlayerGameMode/]: Mismatch in destroy block pos: BlockPos{x=0, y=0, z=0} BlockPos{x=24, y=76, z=-164}
[26May2025 02:48:41.408] [Server thread/INFO] [net.minecraft.server.MinecraftServer/]: MICHE019 has made the advancement [Sweet Dreams]
[26May2025 02:48:43.802] [Server thread/INFO] [net.minecraft.server.MinecraftServer/]: BgodYT has made the advancement [Sweet Dreams]
[26May2025 02:49:03.962] [Server thread/WARN] [net.minecraft.server.level.ServerPlayerGameMode/]: Mismatch in destroy block pos: BlockPos{x=13, y=71, z=-162} BlockPos{x=25, y=76, z=-176}
[26May2025 02:49:31.515] [Server thread/INFO] [net.minecraft.server.MinecraftServer/]: MICHE019 has made the advancement [Monster Hunter]
[26May2025 02:49:44.658] [Server thread/WARN] [net.minecraft.server.level.ServerPlayerGameMode/]: Mismatch in destroy block pos: BlockPos{x=13, y=71, z=-162} BlockPos{x=25, y=75, z=-176}
[26May2025 02:51:43.310] [Server thread/INFO] [com.lothrazar.simpletomb.ModTomb/]: 0 result 0 air
[26May2025 02:52:25.617] [Server thread/INFO] [net.minecraft.server.MinecraftServer/]: xZ3r0kx has made the advancement [Stone Age]
[26May2025 02:57:15.953] [Server thread/INFO] [net.minecraft.server.network.ServerGamePacketListenerImpl/]: PandagamerP lost connection: Disconnected
[26May2025 02:57:15.953] [Server thread/INFO] [net.minecraft.server.MinecraftServer/]: PandagamerP left the game
[26May2025 02:58:43.019] [Server thread/INFO] [net.minecraft.server.MinecraftServer/]: xZ3r0kx has made the advancement [Getting an Upgrade]
[26May2025 03:00:44.854] [Server thread/INFO] [net.minecraft.server.MinecraftServer/]: BgodYT has made the advancement [Monster Hunter]
[26May2025 03:00:46.409] [Server thread/INFO] [net.minecraft.world.entity.LivingEntity/]: Named entity Slime['Toxic Slime'/107828, l='ServerLevel[AAAA]', x=-55.16, y=32.00, z=-374.22] died: Toxic Slime fell from a high place
[26May2025 03:00:55.200] [Server thread/INFO] [net.minecraft.world.entity.LivingEntity/]: Named entity Slime['Toxic Slime'/107952, l='ServerLevel[AAAA]', x=-57.67, y=49.00, z=-382.38] died: Toxic Slime fell from a high place
[26May2025 03:00:58.765] [Server thread/INFO] [net.minecraft.server.MinecraftServer/]: xZ3r0kx has made the advancement [Monster Hunter]
[26May2025 03:01:05.508] [Server thread/INFO] [net.minecraft.world.entity.LivingEntity/]: Named entity Slime['Toxic Slime'/107926, l='ServerLevel[AAAA]', x=-80.84, y=51.00, z=-340.79] died: Toxic Slime fell from a high place
[26May2025 03:01:48.968] [Server thread/INFO] [net.minecraft.world.entity.LivingEntity/]: Named entity Slime['Toxic Slime'/108850, l='ServerLevel[AAAA]', x=-12.43, y=30.00, z=-417.00] died: Toxic Slime fell from a high place
[26May2025 03:01:52.772] [Server thread/INFO] [net.minecraft.world.entity.LivingEntity/]: Named entity Slime['Toxic Slime'/108900, l='ServerLevel[AAAA]', x=42.58, y=32.00, z=-470.77] died: Toxic Slime fell from a high place
[26May2025 03:01:53.162] [Server thread/INFO] [net.minecraft.world.entity.LivingEntity/]: Named entity Slime['Toxic Slime'/108887, l='ServerLevel[AAAA]', x=52.89, y=45.00, z=-520.20] died: Toxic Slime fell from a high place
[26May2025 03:01:54.768] [Server thread/INFO] [net.minecraft.server.MinecraftServer/]: Isaaac_173 has made the advancement [Radioactive]
[26May2025 03:02:04.721] [Server thread/INFO] [net.minecraft.world.entity.LivingEntity/]: Named entity Slime['Toxic Slime'/109074, l='ServerLevel[AAAA]', x=28.21, y=37.00, z=-441.97] died: Toxic Slime fell from a high place
[26May2025 03:02:08.358] [Server thread/INFO] [net.minecraft.world.entity.LivingEntity/]: Named entity Slime['Toxic Slime'/108901, l='ServerLevel[AAAA]', x=42.83, y=45.00, z=-496.59] died: Toxic Slime fell from a high place
[26May2025 03:02:19.707] [Server thread/INFO] [net.minecraft.world.entity.LivingEntity/]: Named entity Slime['Toxic Slime'/109441, l='ServerLevel[AAAA]', x=36.95, y=50.00, z=-534.63] died: Toxic Slime fell from a high place
[26May2025 03:02:26.008] [Server thread/INFO] [net.minecraft.world.entity.LivingEntity/]: Named entity Slime['Toxic Slime'/109512, l='ServerLevel[AAAA]', x=78.76, y=29.00, z=-488.46] died: Toxic Slime fell from a high place
[26May2025 03:02:31.610] [Server thread/INFO] [net.minecraft.world.entity.LivingEntity/]: Named entity Slime['Toxic Slime'/109096, l='ServerLevel[AAAA]', x=-43.09, y=38.50, z=-547.66] died: Toxic Slime fell from a high place
[26May2025 03:02:31.763] [Server thread/INFO] [net.minecraft.world.entity.LivingEntity/]: Named entity Slime['Toxic Slime'/109548, l='ServerLevel[AAAA]', x=86.34, y=57.00, z=-546.00] died: Toxic Slime fell from a high place
[26May2025 03:02:40.867] [Server thread/INFO] [net.minecraft.world.entity.LivingEntity/]: Named entity Slime['Toxic Slime'/109012, l='ServerLevel[AAAA]', x=53.26, y=30.00, z=-490.50] died: Toxic Slime fell from a high place
[26May2025 03:02:41.462] [Server thread/INFO] [net.minecraft.world.entity.LivingEntity/]: Named entity Slime['Toxic Slime'/109850, l='ServerLevel[AAAA]', x=109.56, y=57.00, z=-501.17] died: Toxic Slime fell from a high place
[26May2025 03:02:41.512] [Server thread/INFO] [net.minecraft.world.entity.LivingEntity/]: Named entity Slime['Toxic Slime'/109849, l='ServerLevel[AAAA]', x=110.20, y=57.00, z=-506.97] died: Toxic Slime fell from a high place
[26May2025 03:02:42.656] [Server thread/INFO] [net.minecraft.server.network.ServerGamePacketListenerImpl/]: Isaaac_173 lost connection: Disconnected
[26May2025 03:02:42.656] [Server thread/INFO] [net.minecraft.server.MinecraftServer/]: Isaaac_173 left the game
[26May2025 03:02:42.931] [Server thread/INFO] [net.minecraft.world.entity.LivingEntity/]: Named entity Slime['Toxic Slime'/109547, l='ServerLevel[AAAA]', x=54.59, y=47.00, z=-514.61] died: Toxic Slime fell from a high place
[26May2025 03:02:48.205] [Server thread/INFO] [net.minecraft.world.entity.LivingEntity/]: Named entity Slime['Toxic Slime'/109874, l='ServerLevel[AAAA]', x=38.29, y=51.00, z=-551.92] died: Toxic Slime fell from a high place
[26May2025 03:03:55.003] [Server thread/INFO] [net.minecraft.server.MinecraftServer/]: xZ3r0kx has made the advancement [Acquire Hardware]
[26May2025 03:04:30.513] [Server thread/INFO] [net.minecraft.server.MinecraftServer/]: xZ3r0kx has made the advancement [Suit Up]
[26May2025 03:05:13.807] [Server thread/INFO] [net.minecraft.server.MinecraftServer/]: BgodYT has made the advancement [Acquire Hardware]
[26May2025 03:05:33.164] [Server thread/INFO] [net.minecraft.server.players.PlayerList/]: Isaaac_173[/127.121.81.23:52423] logged in with entity id 112348 at (10.89642693434457, 28.504091017575433, -492.6433369788777)
[26May2025 03:05:33.184] [Server thread/INFO] [net.minecraft.server.MinecraftServer/]: Isaaac_173 joined the game
[26May2025 03:05:33.243] [Server thread/INFO] [Jade/]: Syncing config to Isaaac_173 (5a9f8102-961e-3d36-ba9a-c7074b3f629e)
[26May2025 03:05:39.114] [Server thread/INFO] [net.minecraft.world.entity.LivingEntity/]: Named entity Slime['Toxic Slime'/112574, l='ServerLevel[AAAA]', x=24.84, y=50.00, z=-439.26] died: Toxic Slime fell from a high place
[26May2025 03:05:41.952] [Server thread/INFO] [net.minecraft.world.entity.LivingEntity/]: Named entity Slime['Toxic Slime'/112548, l='ServerLevel[AAAA]', x=63.24, y=55.00, z=-586.49] died: Toxic Slime fell from a high place
[26May2025 03:05:44.269] [Server thread/INFO] [com.tiviacz.travelersbackpack.TravelersBackpack/]: Created new backpack backup file for Isaaac_173 with unique ID 56f3fb82-1ce9-4e1b-a5cf-82c1376d54de
[26May2025 03:05:44.270] [Server thread/INFO] [com.tiviacz.travelersbackpack.TravelersBackpack/]: Your backpack has been placed at X: 7 Y: 29 Z: -490
[26May2025 03:05:44.270] [Server thread/INFO] [net.minecraft.server.MinecraftServer/]: Isaaac_173 tried to swim in lava
[26May2025 03:05:44.272] [Server thread/INFO] [com.lothrazar.simpletomb.ModTomb/]: simpletomb.message.new_grave(9, 37, -491) minecraft:the_nether
[26May2025 03:06:12.240] [Server thread/INFO] [net.minecraft.server.MinecraftServer/]: BgodYT has made the advancement [Suit Up]
[26May2025 03:07:39.408] [Server thread/INFO] [net.minecraft.server.MinecraftServer/]: Isaaac_173 tried to swim in lava
[26May2025 03:07:42.300] [Server thread/INFO] [net.minecraft.server.MinecraftServer/]: xZ3r0kx was shot by Skeleton
[26May2025 03:07:42.302] [Server thread/INFO] [com.lothrazar.simpletomb.ModTomb/]: simpletomb.message.new_grave(49, 176, -685) minecraft:overworld
[26May2025 03:07:57.297] [Server thread/INFO] [net.minecraft.server.MinecraftServer/]: BgodYT was shot by Skeleton
[26May2025 03:07:57.299] [Server thread/INFO] [com.lothrazar.simpletomb.ModTomb/]: simpletomb.message.new_grave(63, 178, -647) minecraft:overworld
[26May2025 03:08:07.900] [Server thread/INFO] [net.minecraft.server.MinecraftServer/]: BgodYT was shot by Skeleton
[26May2025 03:08:07.901] [Server thread/INFO] [com.lothrazar.simpletomb.ModTomb/]: simpletomb.message.new_grave(62, 178, -647) minecraft:overworld
[26May2025 03:08:33.143] [Server thread/INFO] [net.minecraft.server.MinecraftServer/]: BgodYT was shot by Skeleton
[26May2025 03:08:33.144] [Server thread/INFO] [com.lothrazar.simpletomb.ModTomb/]: simpletomb.message.new_grave(57, 178, -647) minecraft:overworld
[26May2025 03:08:38.294] [Server thread/INFO] [net.minecraft.server.network.ServerGamePacketListenerImpl/]: MICHE019 lost connection: Disconnected
[26May2025 03:08:38.294] [Server thread/INFO] [net.minecraft.server.MinecraftServer/]: MICHE019 left the game
[26May2025 03:08:45.289] [Server thread/INFO] [net.minecraft.server.MinecraftServer/]: BgodYT was shot by Skeleton
[26May2025 03:08:45.290] [Server thread/INFO] [com.lothrazar.simpletomb.ModTomb/]: simpletomb.message.new_grave(57, 178, -647) minecraft:overworld
[26May2025 03:08:52.456] [Server thread/INFO] [net.minecraft.server.players.PlayerList/]: MICHE019[/127.194.80.254:54949] logged in with entity id 116152 at (12.050179091772756, 126.0, -447.7143424966007)
[26May2025 03:08:52.475] [Server thread/INFO] [net.minecraft.server.MinecraftServer/]: MICHE019 joined the game
[26May2025 03:08:52.590] [Server thread/INFO] [Jade/]: Syncing config to MICHE019 (f83089a6-72a9-35fe-a6a5-d702e2e1c8bc)
[26May2025 03:09:31.248] [Server thread/INFO] [net.minecraft.server.MinecraftServer/]: BgodYT has made the advancement [Not Today, Thank You]
[26May2025 03:11:47.688] [Server thread/INFO] [net.minecraft.server.MinecraftServer/]: xZ3r0kx was shot by Huntsman
[26May2025 03:11:47.689] [Server thread/INFO] [com.lothrazar.simpletomb.ModTomb/]: simpletomb.message.new_grave(76, 172, -658) minecraft:overworld
[26May2025 03:12:28.786] [Server thread/INFO] [net.minecraft.server.MinecraftServer/]: BgodYT was shot by Huntsman
[26May2025 03:12:28.787] [Server thread/INFO] [com.lothrazar.simpletomb.ModTomb/]: simpletomb.message.new_grave(74, 178, -639) minecraft:overworld
[26May2025 03:12:39.761] [Server thread/INFO] [net.minecraft.server.MinecraftServer/]: BgodYT has reached the goal [Hunted]
[26May2025 03:14:16.714] [Server thread/INFO] [net.minecraft.server.MinecraftServer/]: Isaaac_173 was slain by MICHE019
[26May2025 03:14:16.716] [Server thread/INFO] [com.lothrazar.simpletomb.ModTomb/]: simpletomb.message.new_grave(77, 180, -596) minecraft:overworld
[26May2025 03:15:05.940] [Server thread/INFO] [net.minecraft.server.MinecraftServer/]: xZ3r0kx has made the advancement [Not Today, Thank You]
[26May2025 03:15:48.896] [Server thread/INFO] [net.minecraft.server.network.ServerGamePacketListenerImpl/]: MICHE019 lost connection: Disconnected
[26May2025 03:15:48.897] [Server thread/INFO] [net.minecraft.server.MinecraftServer/]: MICHE019 left the game
